[
{
  "model": "sessions.session",
  "pk": "10e4sp85fwqgd5pvirazhs6ja91shfrj",
  "fields": {
    "session_data": ".eJxVjEsOwiAUAO_C2pDyf7h03zOQBzykamhS2pXx7oakC93OTObNAh57DUenLSyZXZlgl18WMT2pDZEf2O4rT2vbtyXykfDTdj6vmV63s_0bVOx1bEkZD2kiq60EZ53zqngQShBJsrmQSdEoYTWgIocZRIkEWieTSOLEPl_HITe6:1vi9MZ:dJ--jTU27dj0mUF7n9U95eoo_tlGgGoPALcXUG3BIsw",
    "expire_date": "2026-02-03T10:53:31.319Z"
  }
},
{
  "model": "sessions.session",
  "pk": "771wsh19wazyr1z7j5243om816fexgvl",
  "fields": {
    "session_data": ".eJxVjEEOwiAQAP-yZ0NkhbL06N03NAsLUjWQlPZk_Ltp0oNeZybzhom3tUxbT8s0C4yg4fTLAsdnqruQB9d7U7HVdZmD2hN12K5uTdLrerR_g8K9wAgpZ-MjCWay2rnoyDqdI6EM7HVGH1Mgw0gGHXscLoYMaZSzt0KYGT5f42k3aw:1vln3b:5R0-22CS_NbD5YaLlJD9b9YafEmscMWqeIvh-ZzpyRs",
    "expire_date": "2026-02-13T11:52:59.677Z"
  }
},
{
  "model": "sessions.session",
  "pk": "ap2yyhsik8srxlpsquwx0x8yh841p0l7",
  "fields": {
    "session_data": ".eJxVjEEOwiAQAP-yZ0NkhbL06N03NAsLUjWQlPZk_Ltp0oNeZybzhom3tUxbT8s0C4yg4fTLAsdnqruQB9d7U7HVdZmD2hN12K5uTdLrerR_g8K9wAgpZ-MjCWay2rnoyDqdI6EM7HVGH1Mgw0gGHXscLoYMaZSzt0KYGT5f42k3aw:1vnMwK:R-TvqLFH0imEtG1Xuy5RrBh8IfhZi0GZM91dicnjm8w",
    "expire_date": "2026-02-17T20:24:00.169Z"
  }
},
{
  "model": "sessions.session",
  "pk": "gcecqu8p4ci70ke3dj166l5fuj3rtmuv",
  "fields": {
    "session_data": ".eJxVjEEOwiAQAP-yZ0NkhbL06N03NAsLUjWQlPZk_Ltp0oNeZybzhom3tUxbT8s0C4yg4fTLAsdnqruQB9d7U7HVdZmD2hN12K5uTdLrerR_g8K9wAgpZ-MjCWay2rnoyDqdI6EM7HVGH1Mgw0gGHXscLoYMaZSzt0KYGT5f42k3aw:1vnMwJ:oNzzjCLe63Cdgas6GH8MDGYpcb1pnKTbEo7K9LHI628",
    "expire_date": "2026-02-17T20:23:59.586Z"
  }
},
{
  "model": "applications.trialapplication",
  "pk": 1,
  "fields": {
    "first_name": "yakubu",
    "last_name": "musa",
    "email": "uyaumusa@gmail.com",
    "phone": "+2347062566616",
    "country": "Nigeria",
    "course_interested": "Islamic Studies",
    "preferred_tutor": null,
    "preferred_day": "Monday",
    "preferred_time": "Morning",
    "preferred_time_exact": "3 am",
    "message": "",
    "status": "approved",
    "assigned_tutor": "Ustadha Fatima",
    "tutor": null,
    "scheduled_at": "2026-02-22T00:00:00Z",
    "duration": 40,
    "reminder_sent": false,
    "is_started": false,
    "created_at": "2026-01-16T08:34:32.658Z"
  }
},
{
  "model": "applications.trialapplication",
  "pk": 2,
  "fields": {
    "first_name": "abdurazaq",
    "last_name": "muhammad",
    "email": "ukashayaumusa14@gmail.com",
    "phone": "09131880519",
    "country": "Nigeria",
    "course_interested": "Hifz Program",
    "preferred_tutor": null,
    "preferred_day": "Friday",
    "preferred_time": "Evening",
    "preferred_time_exact": "",
    "message": "",
    "status": "approved",
    "assigned_tutor": "Sheikh Ahmad",
    "tutor": null,
    "scheduled_at": "2026-01-18T03:00:00Z",
    "duration": 40,
    "reminder_sent": false,
    "is_started": false,
    "created_at": "2026-01-17T18:20:14.230Z"
  }
},
{
  "model": "applications.trialapplication",
  "pk": 3,
  "fields": {
    "first_name": "cvg",
    "last_name": "ddd",
    "email": "uyaumusa@gmail.com",
    "phone": "+2347062566616",
    "country": "Nigeria",
    "course_interested": "Islamic Studies",
    "preferred_tutor": null,
    "preferred_day": "Thursday",
    "preferred_time": "Evening",
    "preferred_time_exact": "",
    "message": "",
    "status": "approved",
    "assigned_tutor": "",
    "tutor": null,
    "scheduled_at": "2026-02-08T17:28:00Z",
    "duration": 40,
    "reminder_sent": false,
    "is_started": false,
    "created_at": "2026-02-05T22:21:44.118Z"
  }
},
{
  "model": "applications.trialapplication",
  "pk": 4,
  "fields": {
    "first_name": "dauda",
    "last_name": "AMINU",
    "email": "charkida@gmail.com",
    "phone": "+2347062566616",
    "country": "Nigeria",
    "course_interested": "Hifz Program",
    "preferred_tutor": null,
    "preferred_day": "Thursday",
    "preferred_time": "Afternoon",
    "preferred_time_exact": "3 am",
    "message": "",
    "status": "approved",
    "assigned_tutor": "Sheikh Ahmad",
    "tutor": null,
    "scheduled_at": "2026-02-10T20:00:00Z",
    "duration": 40,
    "reminder_sent": false,
    "is_started": false,
    "created_at": "2026-02-07T17:27:37.350Z"
  }
},
{
  "model": "applications.trialapplication",
  "pk": 5,
  "fields": {
    "first_name": "kabir",
    "last_name": "umar",
    "email": "charkida@gmail.com",
    "phone": "+2347062566616",
    "country": "Nigeria",
    "course_interested": "Quranic Recitation",
    "preferred_tutor": "muslim yau musa",
    "preferred_day": "Tuesday",
    "preferred_time": "Morning",
    "preferred_time_exact": "3 am",
    "message": "",
    "status": "approved",
    "assigned_tutor": " ",
    "tutor": null,
    "scheduled_at": "2026-03-16T14:28:00Z",
    "duration": 40,
    "reminder_sent": false,
    "is_started": false,
    "created_at": "2026-03-16T14:27:37.150Z"
  }
},
{
  "model": "applications.trialapplication",
  "pk": 6,
  "fields": {
    "first_name": "Musa",
    "last_name": "Iliyasu",
    "email": "uyaumusa@gmail.com",
    "phone": "+2349139220977",
    "country": "Nigeria",
    "course_interested": "Tajweed",
    "preferred_tutor": "ukasha yau musa",
    "preferred_day": "Monday",
    "preferred_time": "Morning",
    "preferred_time_exact": "3pm",
    "message": "",
    "status": "approved",
    "assigned_tutor": "muhammad ",
    "tutor": null,
    "scheduled_at": "2026-03-16T15:29:00Z",
    "duration": 40,
    "reminder_sent": false,
    "is_started": false,
    "created_at": "2026-03-16T15:29:03.369Z"
  }
},
{
  "model": "applications.trialapplication",
  "pk": 7,
  "fields": {
    "first_name": "Musa",
    "last_name": "Iliyasu",
    "email": "uyaumusa@gmail.com",
    "phone": "+2349139220977",
    "country": "Nigeria",
    "course_interested": "Hifz Program",
    "preferred_tutor": "kabir umar",
    "preferred_day": "Monday",
    "preferred_time": "Morning",
    "preferred_time_exact": "",
    "message": "",
    "status": "approved",
    "assigned_tutor": "kabir umar",
    "tutor": 45,
    "scheduled_at": "2026-03-27T10:35:00Z",
    "duration": 40,
    "reminder_sent": false,
    "is_started": false,
    "created_at": "2026-03-17T11:27:14.967Z"
  }
},
{
  "model": "applications.trialapplication",
  "pk": 8,
  "fields": {
    "first_name": "Musa",
    "last_name": "Iliyasu",
    "email": "uyaumusa@gmail.com",
    "phone": "+2349139220977",
    "country": "Nigeria",
    "course_interested": "Hifz Program",
    "preferred_tutor": "kabir umar",
    "preferred_day": "Monday",
    "preferred_time": "Morning",
    "preferred_time_exact": "",
    "message": "",
    "status": "approved",
    "assigned_tutor": "kabir umar",
    "tutor": 45,
    "scheduled_at": "2026-03-27T00:00:00Z",
    "duration": 40,
    "reminder_sent": false,
    "is_started": false,
    "created_at": "2026-03-17T11:27:17.857Z"
  }
},
{
  "model": "applications.trialapplication",
  "pk": 9,
  "fields": {
    "first_name": "sulaiman",
    "last_name": "Iliyasu",
    "email": "uyaumusa@gmail.com",
    "phone": "+2349139220977",
    "country": "Nigeria",
    "course_interested": "Quranic Recitation",
    "preferred_tutor": "kabir umar",
    "preferred_day": "Monday",
    "preferred_time": "Morning",
    "preferred_time_exact": "4",
    "message": "",
    "status": "approved",
    "assigned_tutor": "Ukasha Yau musa",
    "tutor": 45,
    "scheduled_at": "2026-03-17T11:29:00Z",
    "duration": 40,
    "reminder_sent": false,
    "is_started": false,
    "created_at": "2026-03-17T11:28:17.231Z"
  }
},
{
  "model": "applications.trialapplication",
  "pk": 10,
  "fields": {
    "first_name": "ali",
    "last_name": "abubakar",
    "email": "aliyuabubakar100@gmail.com",
    "phone": "+2347062566616",
    "country": "Nigeria",
    "course_interested": "Tafsir",
    "preferred_tutor": "kabir umar",
    "preferred_day": "Monday",
    "preferred_time": "Morning",
    "preferred_time_exact": "3 am",
    "message": "",
    "status": "approved",
    "assigned_tutor": "Ukasha Yau musa",
    "tutor": 45,
    "scheduled_at": "2026-03-17T12:07:00Z",
    "duration": 40,
    "reminder_sent": false,
    "is_started": false,
    "created_at": "2026-03-17T12:05:42.686Z"
  }
},
{
  "model": "applications.trialapplication",
  "pk": 11,
  "fields": {
    "first_name": "Musa",
    "last_name": "Iliyasu",
    "email": "hamzamuhdumar1994@gmail.com",
    "phone": "",
    "country": "Nigeria",
    "course_interested": "Quranic Recitation",
    "preferred_tutor": "sagir musa",
    "preferred_day": "Monday",
    "preferred_time": "Morning",
    "preferred_time_exact": "",
    "message": "",
    "status": "approved",
    "assigned_tutor": "",
    "tutor": null,
    "scheduled_at": "2026-03-27T00:16:00Z",
    "duration": 40,
    "reminder_sent": false,
    "is_started": false,
    "created_at": "2026-03-27T00:14:09.312Z"
  }
},
{
  "model": "applications.zoomclass",
  "pk": 1,
  "fields": {
    "application": 1,
    "meeting_id": "HidayahClass_9cae39a7a792",
    "join_url": "https://meet.jit.si/HidayahClass_9cae39a7a792",
    "start_url": "https://meet.jit.si/HidayahClass_9cae39a7a792",
    "password": "C1yx2M",
    "whiteboard_url": "https://excalidraw.com/#room=HidayahClass_9cae39a7a792",
    "created_at": "2026-01-16T09:06:40.217Z"
  }
},
{
  "model": "applications.zoomclass",
  "pk": 2,
  "fields": {
    "application": 2,
    "meeting_id": "HidayahClass_ce18540729e3",
    "join_url": "https://meet.jit.si/HidayahClass_ce18540729e3",
    "start_url": "https://meet.jit.si/HidayahClass_ce18540729e3",
    "password": "s49JsU",
    "whiteboard_url": "https://excalidraw.com/#room=HidayahClass_ce18540729e3",
    "created_at": "2026-01-17T18:21:37.813Z"
  }
},
{
  "model": "applications.zoomclass",
  "pk": 3,
  "fields": {
    "application": 5,
    "meeting_id": "HidayahClass_eadd8a897036",
    "join_url": "https://meet.jit.si/HidayahClass_eadd8a897036",
    "start_url": "https://meet.jit.si/HidayahClass_eadd8a897036",
    "password": "",
    "whiteboard_url": "https://excalidraw.com/#room=HidayahClass_eadd8a897036",
    "created_at": "2026-03-16T14:29:11.834Z"
  }
},
{
  "model": "applications.zoomclass",
  "pk": 4,
  "fields": {
    "application": 6,
    "meeting_id": "HidayahClass_71ab6f071d68",
    "join_url": "https://meet.jit.si/HidayahClass_71ab6f071d68",
    "start_url": "https://meet.jit.si/HidayahClass_71ab6f071d68",
    "password": "",
    "whiteboard_url": "https://excalidraw.com/#room=HidayahClass_71ab6f071d68",
    "created_at": "2026-03-16T15:29:58.870Z"
  }
},
{
  "model": "applications.zoomclass",
  "pk": 5,
  "fields": {
    "application": 9,
    "meeting_id": "HidayahClass_b72c971747c0",
    "join_url": "https://meet.jit.si/HidayahClass_b72c971747c0",
    "start_url": "https://meet.jit.si/HidayahClass_b72c971747c0",
    "password": "",
    "whiteboard_url": "https://excalidraw.com/#room=HidayahClass_b72c971747c0",
    "created_at": "2026-03-17T11:29:48.886Z"
  }
},
{
  "model": "applications.zoomclass",
  "pk": 6,
  "fields": {
    "application": 10,
    "meeting_id": "HidayahClass_c87f17cc7ac6",
    "join_url": "https://meet.jit.si/HidayahClass_c87f17cc7ac6",
    "start_url": "https://meet.jit.si/HidayahClass_c87f17cc7ac6",
    "password": "",
    "whiteboard_url": "https://excalidraw.com/#room=HidayahClass_c87f17cc7ac6",
    "created_at": "2026-03-17T12:07:25.289Z"
  }
},
{
  "model": "applications.zoomclass",
  "pk": 7,
  "fields": {
    "application": 11,
    "meeting_id": "HidayahClass_4517d382c218",
    "join_url": "https://meet.jit.si/HidayahClass_4517d382c218",
    "start_url": "https://meet.jit.si/HidayahClass_4517d382c218",
    "password": "",
    "whiteboard_url": "https://excalidraw.com/#room=HidayahClass_4517d382c218",
    "created_at": "2026-03-27T00:16:47.538Z"
  }
},
{
  "model": "applications.zoomclass",
  "pk": 8,
  "fields": {
    "application": 8,
    "meeting_id": "HidayahClass_db1905292be4",
    "join_url": "https://meet.jit.si/HidayahClass_db1905292be4",
    "start_url": "https://meet.jit.si/HidayahClass_db1905292be4",
    "password": "",
    "whiteboard_url": "https://excalidraw.com/#room=HidayahClass_db1905292be4",
    "created_at": "2026-03-27T00:38:27.368Z"
  }
},
{
  "model": "applications.zoomclass",
  "pk": 9,
  "fields": {
    "application": 7,
    "meeting_id": "HidayahClass_5fa8f52a38a4",
    "join_url": "https://meet.jit.si/HidayahClass_5fa8f52a38a4",
    "start_url": "https://meet.jit.si/HidayahClass_5fa8f52a38a4",
    "password": "",
    "whiteboard_url": "https://excalidraw.com/#room=HidayahClass_5fa8f52a38a4",
    "created_at": "2026-03-27T10:36:11.028Z"
  }
},
{
  "model": "students.studentprofile",
  "pk": 1,
  "fields": {
    "user": 2,
    "parent": null,
    "relationship": null,
    "approval_status": "APPROVED",
    "payment_status": "PENDING",
    "admission_letter": "admission_letters/admission_HEMI_2026_GEN_9867.pdf",
    "admission_date": null,
    "state": null,
    "city": null,
    "address": null,
    "level": null,
    "preferred_mode": "ONLINE",
    "target_exam_type": null,
    "target_exam_year": null,
    "enrolled_course": "General Studies",
    "days_per_week": 3,
    "preferred_days": null,
    "preferred_time": null,
    "preferred_time_exact": null,
    "class_type": "ONE_ON_ONE",
    "hours_per_week": "1.00",
    "total_amount": "56000.00",
    "payment_reference": null,
    "preferred_tutor": null,
    "assigned_tutor": null,
    "meeting_link": null,
    "whiteboard_link": null,
    "meeting_link_approved": true,
    "enrolled_courses": []
  }
},
{
  "model": "students.studentprofile",
  "pk": 2,
  "fields": {
    "user": 3,
    "parent": 4,
    "relationship": null,
    "approval_status": "APPROVED",
    "payment_status": "PENDING",
    "admission_letter": "admission_letters/admission_HEMI_2026_GEN_2118.pdf",
    "admission_date": null,
    "state": null,
    "city": null,
    "address": null,
    "level": null,
    "preferred_mode": "ONLINE",
    "target_exam_type": null,
    "target_exam_year": null,
    "enrolled_course": "General Studies",
    "days_per_week": 4,
    "preferred_days": "",
    "preferred_time": null,
    "preferred_time_exact": null,
    "class_type": "GROUP",
    "hours_per_week": "1.00",
    "total_amount": "52000.00",
    "payment_reference": null,
    "preferred_tutor": null,
    "assigned_tutor": null,
    "meeting_link": null,
    "whiteboard_link": null,
    "meeting_link_approved": true,
    "enrolled_courses": []
  }
},
{
  "model": "students.studentprofile",
  "pk": 3,
  "fields": {
    "user": 5,
    "parent": 6,
    "relationship": null,
    "approval_status": "APPROVED",
    "payment_status": "PENDING",
    "admission_letter": "admission_letters/admission_HEMI_2026_GEN_1176.pdf",
    "admission_date": null,
    "state": null,
    "city": null,
    "address": null,
    "level": null,
    "preferred_mode": "ONLINE",
    "target_exam_type": null,
    "target_exam_year": null,
    "enrolled_course": "General Studies",
    "days_per_week": 3,
    "preferred_days": "Thursday, Friday, Saturday",
    "preferred_time": null,
    "preferred_time_exact": null,
    "class_type": "ONE_ON_ONE",
    "hours_per_week": "1.00",
    "total_amount": "56000.00",
    "payment_reference": null,
    "preferred_tutor": null,
    "assigned_tutor": null,
    "meeting_link": null,
    "whiteboard_link": null,
    "meeting_link_approved": true,
    "enrolled_courses": []
  }
},
{
  "model": "students.studentprofile",
  "pk": 4,
  "fields": {
    "user": 7,
    "parent": null,
    "relationship": null,
    "approval_status": "APPROVED",
    "payment_status": "PENDING",
    "admission_letter": "admission_letters/admission_HEMI_2026_GEN_5422.pdf",
    "admission_date": null,
    "state": null,
    "city": null,
    "address": null,
    "level": null,
    "preferred_mode": "ONLINE",
    "target_exam_type": null,
    "target_exam_year": null,
    "enrolled_course": "General Studies",
    "days_per_week": 3,
    "preferred_days": "Thursday, Friday, Saturday, Sunday",
    "preferred_time": null,
    "preferred_time_exact": null,
    "class_type": "ONE_ON_ONE",
    "hours_per_week": "1.00",
    "total_amount": "36000.00",
    "payment_reference": null,
    "preferred_tutor": null,
    "assigned_tutor": null,
    "meeting_link": null,
    "whiteboard_link": null,
    "meeting_link_approved": true,
    "enrolled_courses": []
  }
},
{
  "model": "students.studentprofile",
  "pk": 5,
  "fields": {
    "user": 8,
    "parent": null,
    "relationship": null,
    "approval_status": "APPROVED",
    "payment_status": "PAID",
    "admission_letter": "admission_letters/admission_HEMI_2026_GEN_4376.pdf",
    "admission_date": null,
    "state": null,
    "city": null,
    "address": null,
    "level": null,
    "preferred_mode": "ONLINE",
    "target_exam_type": null,
    "target_exam_year": null,
    "enrolled_course": "General Studies",
    "days_per_week": 3,
    "preferred_days": "Friday, Saturday",
    "preferred_time": null,
    "preferred_time_exact": null,
    "class_type": "ONE_ON_ONE",
    "hours_per_week": "1.00",
    "total_amount": "24000.00",
    "payment_reference": null,
    "preferred_tutor": null,
    "assigned_tutor": 38,
    "meeting_link": "https://meet.jit.si/HidayahClass_7b8c6b865761",
    "whiteboard_link": "https://excalidraw.com/#room=HidayahClass_7b8c6b865761",
    "meeting_link_approved": true,
    "enrolled_courses": []
  }
},
{
  "model": "students.studentprofile",
  "pk": 6,
  "fields": {
    "user": 9,
    "parent": 10,
    "relationship": null,
    "approval_status": "APPROVED",
    "payment_status": "UNPAID",
    "admission_letter": "admission_letters/admission_HEMI_2026_GEN_7455.pdf",
    "admission_date": null,
    "state": null,
    "city": null,
    "address": null,
    "level": null,
    "preferred_mode": "ONLINE",
    "target_exam_type": null,
    "target_exam_year": null,
    "enrolled_course": "General Studies",
    "days_per_week": 3,
    "preferred_days": "",
    "preferred_time": null,
    "preferred_time_exact": null,
    "class_type": "ONE_ON_ONE",
    "hours_per_week": "1.00",
    "total_amount": "0.00",
    "payment_reference": "HEMI-F3E2D751",
    "preferred_tutor": null,
    "assigned_tutor": null,
    "meeting_link": null,
    "whiteboard_link": null,
    "meeting_link_approved": true,
    "enrolled_courses": []
  }
},
{
  "model": "students.studentprofile",
  "pk": 7,
  "fields": {
    "user": 11,
    "parent": null,
    "relationship": null,
    "approval_status": "APPROVED",
    "payment_status": "UNPAID",
    "admission_letter": "admission_letters/admission_HEMI_2026_GEN_5518.pdf",
    "admission_date": null,
    "state": null,
    "city": null,
    "address": null,
    "level": null,
    "preferred_mode": "ONLINE",
    "target_exam_type": null,
    "target_exam_year": null,
    "enrolled_course": "General Studies",
    "days_per_week": 3,
    "preferred_days": "Monday,Wednesday,Friday",
    "preferred_time": null,
    "preferred_time_exact": null,
    "class_type": "ONE_ON_ONE",
    "hours_per_week": "1.00",
    "total_amount": "0.00",
    "payment_reference": "HEMI-69DABE3D",
    "preferred_tutor": null,
    "assigned_tutor": null,
    "meeting_link": null,
    "whiteboard_link": null,
    "meeting_link_approved": true,
    "enrolled_courses": []
  }
},
{
  "model": "students.studentprofile",
  "pk": 8,
  "fields": {
    "user": 12,
    "parent": null,
    "relationship": null,
    "approval_status": "APPROVED",
    "payment_status": "UNPAID",
    "admission_letter": "admission_letters/admission_HEMI_2026_GEN_6788.pdf",
    "admission_date": null,
    "state": null,
    "city": null,
    "address": null,
    "level": null,
    "preferred_mode": "ONLINE",
    "target_exam_type": null,
    "target_exam_year": null,
    "enrolled_course": "General Studies",
    "days_per_week": 3,
    "preferred_days": "Monday,Wednesday,Friday",
    "preferred_time": null,
    "preferred_time_exact": null,
    "class_type": "ONE_ON_ONE",
    "hours_per_week": "1.00",
    "total_amount": "0.00",
    "payment_reference": "HEMI-97F53FCB",
    "preferred_tutor": null,
    "assigned_tutor": null,
    "meeting_link": null,
    "whiteboard_link": null,
    "meeting_link_approved": true,
    "enrolled_courses": []
  }
},
{
  "model": "students.studentprofile",
  "pk": 9,
  "fields": {
    "user": 13,
    "parent": null,
    "relationship": null,
    "approval_status": "APPROVED",
    "payment_status": "UNPAID",
    "admission_letter": "admission_letters/admission_HEMI_2026_GEN_9588.pdf",
    "admission_date": null,
    "state": null,
    "city": null,
    "address": null,
    "level": null,
    "preferred_mode": "ONLINE",
    "target_exam_type": null,
    "target_exam_year": null,
    "enrolled_course": "General Studies",
    "days_per_week": 3,
    "preferred_days": "Monday,Wednesday,Friday",
    "preferred_time": null,
    "preferred_time_exact": null,
    "class_type": "ONE_ON_ONE",
    "hours_per_week": "1.00",
    "total_amount": "0.00",
    "payment_reference": "HEMI-AAD888C3",
    "preferred_tutor": null,
    "assigned_tutor": null,
    "meeting_link": null,
    "whiteboard_link": null,
    "meeting_link_approved": true,
    "enrolled_courses": []
  }
},
{
  "model": "students.studentprofile",
  "pk": 10,
  "fields": {
    "user": 14,
    "parent": 15,
    "relationship": null,
    "approval_status": "APPROVED",
    "payment_status": "UNPAID",
    "admission_letter": "admission_letters/admission_HEMI_2026_GEN_6144.pdf",
    "admission_date": null,
    "state": null,
    "city": null,
    "address": null,
    "level": null,
    "preferred_mode": "ONLINE",
    "target_exam_type": null,
    "target_exam_year": null,
    "enrolled_course": "General Studies",
    "days_per_week": 3,
    "preferred_days": "Monday, Tuesday, Wednesday",
    "preferred_time": null,
    "preferred_time_exact": null,
    "class_type": "ONE_ON_ONE",
    "hours_per_week": "1.00",
    "total_amount": "0.00",
    "payment_reference": "HEMI-3FA5C01C",
    "preferred_tutor": null,
    "assigned_tutor": null,
    "meeting_link": null,
    "whiteboard_link": null,
    "meeting_link_approved": true,
    "enrolled_courses": []
  }
},
{
  "model": "students.studentprofile",
  "pk": 11,
  "fields": {
    "user": 16,
    "parent": null,
    "relationship": null,
    "approval_status": "APPROVED",
    "payment_status": "PAID",
    "admission_letter": "admission_letters/admission_HEMI_2026_GEN_7780.pdf",
    "admission_date": null,
    "state": null,
    "city": null,
    "address": null,
    "level": null,
    "preferred_mode": "ONLINE",
    "target_exam_type": null,
    "target_exam_year": null,
    "enrolled_course": "Tajweed",
    "days_per_week": 6,
    "preferred_days": "Monday, Tuesday, Wednesday, Thursday, Friday, Saturday",
    "preferred_time": null,
    "preferred_time_exact": null,
    "class_type": "ONE_ON_ONE",
    "hours_per_week": "1.00",
    "total_amount": "52000.00",
    "payment_reference": "HEMI-EFF46109",
    "preferred_tutor": null,
    "assigned_tutor": 33,
    "meeting_link": "https://meet.jit.si/HidayahClass_bbe4f6faac09",
    "whiteboard_link": "https://excalidraw.com/#room=HidayahClass_bbe4f6faac09",
    "meeting_link_approved": true,
    "enrolled_courses": [
      26,
      30
    ]
  }
},
{
  "model": "students.studentprofile",
  "pk": 12,
  "fields": {
    "user": 17,
    "parent": null,
    "relationship": null,
    "approval_status": "APPROVED",
    "payment_status": "UNPAID",
    "admission_letter": "",
    "admission_date": null,
    "state": null,
    "city": null,
    "address": null,
    "level": null,
    "preferred_mode": "ONLINE",
    "target_exam_type": null,
    "target_exam_year": null,
    "enrolled_course": "General Studies",
    "days_per_week": 3,
    "preferred_days": null,
    "preferred_time": null,
    "preferred_time_exact": null,
    "class_type": "ONE_ON_ONE",
    "hours_per_week": "1.00",
    "total_amount": "0.00",
    "payment_reference": null,
    "preferred_tutor": null,
    "assigned_tutor": null,
    "meeting_link": null,
    "whiteboard_link": null,
    "meeting_link_approved": true,
    "enrolled_courses": []
  }
},
{
  "model": "students.studentprofile",
  "pk": 13,
  "fields": {
    "user": 18,
    "parent": null,
    "relationship": null,
    "approval_status": "APPROVED",
    "payment_status": "UNPAID",
    "admission_letter": "admission_letters/admission_HEMI_2026_GEN_4027.pdf",
    "admission_date": null,
    "state": null,
    "city": null,
    "address": null,
    "level": null,
    "preferred_mode": "ONLINE",
    "target_exam_type": null,
    "target_exam_year": null,
    "enrolled_course": "General Studies",
    "days_per_week": 3,
    "preferred_days": "",
    "preferred_time": null,
    "preferred_time_exact": null,
    "class_type": "ONE_ON_ONE",
    "hours_per_week": "1.00",
    "total_amount": "0.00",
    "payment_reference": "HEMI-EEA5FA89",
    "preferred_tutor": null,
    "assigned_tutor": null,
    "meeting_link": null,
    "whiteboard_link": null,
    "meeting_link_approved": true,
    "enrolled_courses": []
  }
},
{
  "model": "students.studentprofile",
  "pk": 14,
  "fields": {
    "user": 25,
    "parent": null,
    "relationship": null,
    "approval_status": "APPROVED",
    "payment_status": "UNPAID",
    "admission_letter": "admission_letters/admission_HEMI_2026_GEN_7671.pdf",
    "admission_date": null,
    "state": null,
    "city": null,
    "address": null,
    "level": null,
    "preferred_mode": "ONLINE",
    "target_exam_type": null,
    "target_exam_year": null,
    "enrolled_course": "General Studies",
    "days_per_week": 3,
    "preferred_days": "Monday, Tuesday, Wednesday, Thursday, Friday, Saturday",
    "preferred_time": null,
    "preferred_time_exact": null,
    "class_type": "ONE_ON_ONE",
    "hours_per_week": "1.00",
    "total_amount": "0.00",
    "payment_reference": "HEMI-B67F8E11",
    "preferred_tutor": null,
    "assigned_tutor": null,
    "meeting_link": null,
    "whiteboard_link": null,
    "meeting_link_approved": true,
    "enrolled_courses": []
  }
},
{
  "model": "students.studentprofile",
  "pk": 16,
  "fields": {
    "user": 27,
    "parent": null,
    "relationship": null,
    "approval_status": "APPROVED",
    "payment_status": "UNPAID",
    "admission_letter": "admission_letters/admission_HEMI_2026_GEN_6888.pdf",
    "admission_date": null,
    "state": null,
    "city": null,
    "address": null,
    "level": null,
    "preferred_mode": "ONLINE",
    "target_exam_type": null,
    "target_exam_year": null,
    "enrolled_course": "General Studies",
    "days_per_week": 3,
    "preferred_days": "",
    "preferred_time": null,
    "preferred_time_exact": null,
    "class_type": "ONE_ON_ONE",
    "hours_per_week": "1.00",
    "total_amount": "0.00",
    "payment_reference": "HEMI-47249D09",
    "preferred_tutor": null,
    "assigned_tutor": null,
    "meeting_link": null,
    "whiteboard_link": null,
    "meeting_link_approved": true,
    "enrolled_courses": []
  }
},
{
  "model": "students.studentprofile",
  "pk": 17,
  "fields": {
    "user": 34,
    "parent": 35,
    "relationship": null,
    "approval_status": "APPROVED",
    "payment_status": "PAID",
    "admission_letter": "admission_letters/admission_HEMI_2026_GEN_4151.pdf",
    "admission_date": null,
    "state": null,
    "city": null,
    "address": null,
    "level": null,
    "preferred_mode": "ONLINE",
    "target_exam_type": null,
    "target_exam_year": null,
    "enrolled_course": "General Studies",
    "days_per_week": 5,
    "preferred_days": "Monday, Tuesday, Wednesday, Thursday",
    "preferred_time": null,
    "preferred_time_exact": null,
    "class_type": "ONE_ON_ONE",
    "hours_per_week": "1.00",
    "total_amount": "30000.00",
    "payment_reference": "HEMI-96DB7C7D",
    "preferred_tutor": null,
    "assigned_tutor": null,
    "meeting_link": null,
    "whiteboard_link": null,
    "meeting_link_approved": true,
    "enrolled_courses": []
  }
},
{
  "model": "students.studentprofile",
  "pk": 18,
  "fields": {
    "user": 36,
    "parent": 37,
    "relationship": null,
    "approval_status": "APPROVED",
    "payment_status": "PAID",
    "admission_letter": "admission_letters/admission_HEMI_2026_GEN_9876.pdf",
    "admission_date": null,
    "state": null,
    "city": null,
    "address": null,
    "level": null,
    "preferred_mode": "ONLINE",
    "target_exam_type": null,
    "target_exam_year": null,
    "enrolled_course": "General Studies",
    "days_per_week": 4,
    "preferred_days": "Wednesday, Tuesday, Thursday, Friday",
    "preferred_time": "",
    "preferred_time_exact": "",
    "class_type": "ONE_ON_ONE",
    "hours_per_week": "1.00",
    "total_amount": "144000.00",
    "payment_reference": "HEMI-D39A8271",
    "preferred_tutor": null,
    "assigned_tutor": 38,
    "meeting_link": "https://meet.jit.si/HidayahClass_83eea7a600b2",
    "whiteboard_link": "https://excalidraw.com/#room=HidayahClass_83eea7a600b2",
    "meeting_link_approved": true,
    "enrolled_courses": []
  }
},
{
  "model": "students.studentprofile",
  "pk": 19,
  "fields": {
    "user": 41,
    "parent": null,
    "relationship": null,
    "approval_status": "APPROVED",
    "payment_status": "UNPAID",
    "admission_letter": "admission_letters/admission_HEMI_2026_GEN_9623.pdf",
    "admission_date": null,
    "state": null,
    "city": null,
    "address": null,
    "level": "JAMB",
    "preferred_mode": "ONLINE",
    "target_exam_type": null,
    "target_exam_year": null,
    "enrolled_course": "General Studies",
    "days_per_week": 3,
    "preferred_days": "Monday, Wednesday, Friday",
    "preferred_time": "Evening",
    "preferred_time_exact": "",
    "class_type": "ONE_ON_ONE",
    "hours_per_week": "1.50",
    "total_amount": "0.00",
    "payment_reference": "HEMI-92689DEA",
    "preferred_tutor": null,
    "assigned_tutor": null,
    "meeting_link": null,
    "whiteboard_link": null,
    "meeting_link_approved": true,
    "enrolled_courses": []
  }
},
{
  "model": "students.studentprofile",
  "pk": 20,
  "fields": {
    "user": 42,
    "parent": null,
    "relationship": null,
    "approval_status": "APPROVED",
    "payment_status": "UNPAID",
    "admission_letter": "admission_letters/admission_HEMI_2026_GEN_7637.pdf",
    "admission_date": null,
    "state": null,
    "city": null,
    "address": null,
    "level": null,
    "preferred_mode": "ONLINE",
    "target_exam_type": null,
    "target_exam_year": null,
    "enrolled_course": "Mathematics",
    "days_per_week": 3,
    "preferred_days": "Mon, Wed, Fri",
    "preferred_time": "",
    "preferred_time_exact": "16:00",
    "class_type": "ONE_ON_ONE",
    "hours_per_week": "1.00",
    "total_amount": "0.00",
    "payment_reference": "HEMI-A9BF6BB3",
    "preferred_tutor": null,
    "assigned_tutor": null,
    "meeting_link": null,
    "whiteboard_link": null,
    "meeting_link_approved": true,
    "enrolled_courses": []
  }
},
{
  "model": "students.studentprofile",
  "pk": 21,
  "fields": {
    "user": 43,
    "parent": null,
    "relationship": null,
    "approval_status": "APPROVED",
    "payment_status": "UNPAID",
    "admission_letter": "admission_letters/admission_HEMI_2026_GEN_1682.pdf",
    "admission_date": null,
    "state": null,
    "city": null,
    "address": null,
    "level": null,
    "preferred_mode": "ONLINE",
    "target_exam_type": null,
    "target_exam_year": null,
    "enrolled_course": "Mathematics",
    "days_per_week": 3,
    "preferred_days": "Mon, Wed, Fri",
    "preferred_time": "",
    "preferred_time_exact": "16:00",
    "class_type": "ONE_ON_ONE",
    "hours_per_week": "1.00",
    "total_amount": "0.00",
    "payment_reference": "HEMI-373E1247",
    "preferred_tutor": null,
    "assigned_tutor": null,
    "meeting_link": null,
    "whiteboard_link": null,
    "meeting_link_approved": true,
    "enrolled_courses": []
  }
},
{
  "model": "students.studentprofile",
  "pk": 22,
  "fields": {
    "user": 46,
    "parent": null,
    "relationship": null,
    "approval_status": "APPROVED",
    "payment_status": "PAID",
    "admission_letter": "admission_letters/admission_HEMI_2026_GEN_4439.pdf",
    "admission_date": null,
    "state": null,
    "city": null,
    "address": null,
    "level": "PRIMARY",
    "preferred_mode": "ONLINE",
    "target_exam_type": null,
    "target_exam_year": null,
    "enrolled_course": "Quranic Recitation",
    "days_per_week": 3,
    "preferred_days": "",
    "preferred_time": "",
    "preferred_time_exact": "",
    "class_type": "ONE_ON_ONE",
    "hours_per_week": "1.00",
    "total_amount": "108000.00",
    "payment_reference": "HEMI-FC1D97F5",
    "preferred_tutor": 7,
    "assigned_tutor": 47,
    "meeting_link": "https://meet.jit.si/HidayahClass_ec1dcd90ca0a",
    "whiteboard_link": "https://excalidraw.com/#room=HidayahClass_ec1dcd90ca0a",
    "meeting_link_approved": true,
    "enrolled_courses": []
  }
},
{
  "model": "students.studentprofile",
  "pk": 23,
  "fields": {
    "user": 48,
    "parent": 49,
    "relationship": null,
    "approval_status": "APPROVED",
    "payment_status": "UNPAID",
    "admission_letter": "admission_letters/admission_HEMI_2026_GEN_3051.pdf",
    "admission_date": null,
    "state": null,
    "city": null,
    "address": null,
    "level": "PRIMARY",
    "preferred_mode": "ONLINE",
    "target_exam_type": null,
    "target_exam_year": null,
    "enrolled_course": "Quranic Recitation",
    "days_per_week": 3,
    "preferred_days": "Monday, Tuesday, Wednesday",
    "preferred_time": "",
    "preferred_time_exact": "",
    "class_type": "GROUP",
    "hours_per_week": "1.00",
    "total_amount": "0.00",
    "payment_reference": "HEMI-405A3DDA",
    "preferred_tutor": 8,
    "assigned_tutor": null,
    "meeting_link": null,
    "whiteboard_link": null,
    "meeting_link_approved": true,
    "enrolled_courses": []
  }
},
{
  "model": "students.studentprofile",
  "pk": 24,
  "fields": {
    "user": 50,
    "parent": null,
    "relationship": null,
    "approval_status": "APPROVED",
    "payment_status": "UNPAID",
    "admission_letter": "admission_letters/admission_HEMI_2026_GEN_9575.pdf",
    "admission_date": null,
    "state": null,
    "city": null,
    "address": null,
    "level": "PRIMARY",
    "preferred_mode": "ONLINE",
    "target_exam_type": null,
    "target_exam_year": null,
    "enrolled_course": "English Language",
    "days_per_week": 3,
    "preferred_days": "Tuesday",
    "preferred_time": "",
    "preferred_time_exact": "",
    "class_type": "ONE_ON_ONE",
    "hours_per_week": "1.00",
    "total_amount": "36000.00",
    "payment_reference": "HEMI-0666C845",
    "preferred_tutor": 7,
    "assigned_tutor": null,
    "meeting_link": null,
    "whiteboard_link": null,
    "meeting_link_approved": true,
    "enrolled_courses": []
  }
},
{
  "model": "students.studentprofile",
  "pk": 25,
  "fields": {
    "user": 51,
    "parent": null,
    "relationship": null,
    "approval_status": "APPROVED",
    "payment_status": "PAID",
    "admission_letter": "admission_letters/admission_HEMI_2026_GEN_6224.pdf",
    "admission_date": null,
    "state": null,
    "city": null,
    "address": null,
    "level": "SECONDARY",
    "preferred_mode": "ONLINE",
    "target_exam_type": null,
    "target_exam_year": null,
    "enrolled_course": "Quranic Recitation",
    "days_per_week": 3,
    "preferred_days": "Monday, Tuesday",
    "preferred_time": "",
    "preferred_time_exact": "",
    "class_type": "ONE_ON_ONE",
    "hours_per_week": "1.00",
    "total_amount": "36000.00",
    "payment_reference": "HEMI-5CA6C598",
    "preferred_tutor": 7,
    "assigned_tutor": 28,
    "meeting_link": "https://meet.jit.si/HidayahClass_a2ea74dc96fb",
    "whiteboard_link": "https://excalidraw.com/#room=HidayahClass_a2ea74dc96fb",
    "meeting_link_approved": true,
    "enrolled_courses": []
  }
},
{
  "model": "students.studentprofile",
  "pk": 26,
  "fields": {
    "user": 53,
    "parent": null,
    "relationship": null,
    "approval_status": "PENDING",
    "payment_status": "UNPAID",
    "admission_letter": "admission_letters/admission_TEMP.pdf",
    "admission_date": null,
    "state": null,
    "city": null,
    "address": null,
    "level": null,
    "preferred_mode": "ONLINE",
    "target_exam_type": null,
    "target_exam_year": null,
    "enrolled_course": "General Studies",
    "days_per_week": 3,
    "preferred_days": null,
    "preferred_time": null,
    "preferred_time_exact": null,
    "class_type": "ONE_ON_ONE",
    "hours_per_week": "1.00",
    "total_amount": "120000.00",
    "payment_reference": null,
    "preferred_tutor": null,
    "assigned_tutor": 54,
    "meeting_link": "https://meet.jit.si/HidayahClass_bcf2d03eb633",
    "whiteboard_link": "https://excalidraw.com/#room=HidayahClass_bcf2d03eb633",
    "meeting_link_approved": true,
    "enrolled_courses": []
  }
},
{
  "model": "students.studentprofile",
  "pk": 27,
  "fields": {
    "user": 56,
    "parent": 57,
    "relationship": null,
    "approval_status": "APPROVED",
    "payment_status": "PAID",
    "admission_letter": "admission_letters/admission_HEMI_2026_GEN_5578.pdf",
    "admission_date": null,
    "state": null,
    "city": null,
    "address": null,
    "level": "PRIMARY",
    "preferred_mode": "ONLINE",
    "target_exam_type": null,
    "target_exam_year": null,
    "enrolled_course": "Quranic Recitation",
    "days_per_week": 2,
    "preferred_days": "",
    "preferred_time": "",
    "preferred_time_exact": "",
    "class_type": "ONE_ON_ONE",
    "hours_per_week": "1.00",
    "total_amount": "24000.00",
    "payment_reference": "HEMI-92F53A11",
    "preferred_tutor": 11,
    "assigned_tutor": null,
    "meeting_link": null,
    "whiteboard_link": null,
    "meeting_link_approved": true,
    "enrolled_courses": []
  }
},
{
  "model": "students.studentprofile",
  "pk": 28,
  "fields": {
    "user": 59,
    "parent": null,
    "relationship": null,
    "approval_status": "APPROVED",
    "payment_status": "UNPAID",
    "admission_letter": "admission_letters/admission_HEMI_2026_GEN_5318.pdf",
    "admission_date": null,
    "state": null,
    "city": null,
    "address": null,
    "level": "PRIMARY",
    "preferred_mode": "ONLINE",
    "target_exam_type": null,
    "target_exam_year": null,
    "enrolled_course": "JAMB (UTME)",
    "days_per_week": 5,
    "preferred_days": "THURSDAY, FRIDAY, MONDAY, SATURDAY, SUNDAY",
    "preferred_time": "",
    "preferred_time_exact": "THURSDAY 04:55, FRIDAY 05:55, MONDAY 05:55, SATURDAY 06:59, SUNDAY 07:00",
    "class_type": "ONE_ON_ONE",
    "hours_per_week": "1.00",
    "total_amount": "60000.00",
    "payment_reference": "HEMI-92E5C2A5",
    "preferred_tutor": 8,
    "assigned_tutor": null,
    "meeting_link": null,
    "whiteboard_link": null,
    "meeting_link_approved": true,
    "enrolled_courses": []
  }
},
{
  "model": "students.enrollment",
  "pk": 1,
  "fields": {
    "student": 11,
    "subject": 2,
    "tutor": 38,
    "hourly_rate": "2000.00",
    "hours_per_week": "1.00",
    "days_per_week": 2,
    "preferred_days": "Monday, Tuesday",
    "preferred_time": "18:06",
    "schedule": null,
    "preferred_start_date": null,
    "status": "APPROVED",
    "enrolled_at": "2026-03-23T13:07:01.137Z"
  }
},
{
  "model": "students.enrollment",
  "pk": 2,
  "fields": {
    "student": 11,
    "subject": 24,
    "tutor": 28,
    "hourly_rate": "1500.00",
    "hours_per_week": "1.00",
    "days_per_week": 1,
    "preferred_days": "Monday",
    "preferred_time": "",
    "schedule": null,
    "preferred_start_date": null,
    "status": "APPROVED",
    "enrolled_at": "2026-03-23T13:19:38.555Z"
  }
},
{
  "model": "students.enrollment",
  "pk": 3,
  "fields": {
    "student": 11,
    "subject": 4,
    "tutor": 28,
    "hourly_rate": "1500.00",
    "hours_per_week": "1.00",
    "days_per_week": 1,
    "preferred_days": "Monday",
    "preferred_time": "",
    "schedule": null,
    "preferred_start_date": null,
    "status": "APPROVED",
    "enrolled_at": "2026-03-23T19:37:49.963Z"
  }
},
{
  "model": "students.enrollment",
  "pk": 4,
  "fields": {
    "student": 5,
    "subject": 2,
    "tutor": 32,
    "hourly_rate": "1500.00",
    "hours_per_week": "1.00",
    "days_per_week": 2,
    "preferred_days": "Monday, Tuesday",
    "preferred_time": "19:12",
    "schedule": null,
    "preferred_start_date": null,
    "status": "APPROVED",
    "enrolled_at": "2026-03-24T14:12:14.894Z"
  }
},
{
  "model": "students.enrollment",
  "pk": 5,
  "fields": {
    "student": 5,
    "subject": 1,
    "tutor": 45,
    "hourly_rate": "1500.00",
    "hours_per_week": "1.00",
    "days_per_week": 2,
    "preferred_days": "Monday, Tuesday",
    "preferred_time": "18:19",
    "schedule": null,
    "preferred_start_date": null,
    "status": "APPROVED",
    "enrolled_at": "2026-03-24T14:16:26.081Z"
  }
},
{
  "model": "students.enrollment",
  "pk": 6,
  "fields": {
    "student": 17,
    "subject": 4,
    "tutor": 33,
    "hourly_rate": "1500.00",
    "hours_per_week": "1.00",
    "days_per_week": 2,
    "preferred_days": "Monday, Tuesday",
    "preferred_time": "",
    "schedule": null,
    "preferred_start_date": null,
    "status": "APPROVED",
    "enrolled_at": "2026-03-24T14:47:08.252Z"
  }
},
{
  "model": "students.enrollment",
  "pk": 7,
  "fields": {
    "student": 17,
    "subject": 9,
    "tutor": 28,
    "hourly_rate": "1500.00",
    "hours_per_week": "1.00",
    "days_per_week": 1,
    "preferred_days": "Wednesday",
    "preferred_time": "",
    "schedule": null,
    "preferred_start_date": null,
    "status": "APPROVED",
    "enrolled_at": "2026-03-24T16:27:01.235Z"
  }
},
{
  "model": "students.enrollment",
  "pk": 8,
  "fields": {
    "student": 17,
    "subject": 13,
    "tutor": 28,
    "hourly_rate": "1500.00",
    "hours_per_week": "1.00",
    "days_per_week": 2,
    "preferred_days": "Sunday, Thursday",
    "preferred_time": "20:29",
    "schedule": null,
    "preferred_start_date": null,
    "status": "APPROVED",
    "enrolled_at": "2026-03-24T16:29:58.964Z"
  }
},
{
  "model": "students.enrollment",
  "pk": 10,
  "fields": {
    "student": 24,
    "subject": 2,
    "tutor": null,
    "hourly_rate": "3000.00",
    "hours_per_week": "1.00",
    "days_per_week": 3,
    "preferred_days": null,
    "preferred_time": null,
    "schedule": null,
    "preferred_start_date": null,
    "status": "APPROVED",
    "enrolled_at": "2026-03-24T18:05:40.511Z"
  }
},
{
  "model": "students.enrollment",
  "pk": 14,
  "fields": {
    "student": 26,
    "subject": 25,
    "tutor": 54,
    "hourly_rate": "5000.00",
    "hours_per_week": "2.00",
    "days_per_week": 3,
    "preferred_days": null,
    "preferred_time": null,
    "schedule": null,
    "preferred_start_date": null,
    "status": "APPROVED",
    "enrolled_at": "2026-03-25T17:26:20.555Z"
  }
},
{
  "model": "students.enrollment",
  "pk": 16,
  "fields": {
    "student": 11,
    "subject": 8,
    "tutor": 44,
    "hourly_rate": "1500.00",
    "hours_per_week": "2.00",
    "days_per_week": 2,
    "preferred_days": "Sunday, Thursday",
    "preferred_time": "13:36",
    "schedule": null,
    "preferred_start_date": null,
    "status": "APPROVED",
    "enrolled_at": "2026-03-26T23:49:22.617Z"
  }
},
{
  "model": "students.enrollment",
  "pk": 17,
  "fields": {
    "student": 11,
    "subject": 26,
    "tutor": 44,
    "hourly_rate": "1500.00",
    "hours_per_week": "2.00",
    "days_per_week": 1,
    "preferred_days": null,
    "preferred_time": null,
    "schedule": "[{\"day\": \"THURSDAY\", \"time\": \"15:46\"}, {\"day\": \"FRIDAY\", \"time\": \"16:52\"}]",
    "preferred_start_date": "2026-04-15",
    "status": "APPROVED",
    "enrolled_at": "2026-03-31T19:24:22.859Z"
  }
},
{
  "model": "students.enrollment",
  "pk": 18,
  "fields": {
    "student": 11,
    "subject": 26,
    "tutor": 44,
    "hourly_rate": "1500.00",
    "hours_per_week": "1.00",
    "days_per_week": 1,
    "preferred_days": null,
    "preferred_time": null,
    "schedule": "[{\"day\": \"TUESDAY\", \"time\": \"18:20\"}]",
    "preferred_start_date": "2026-04-15",
    "status": "APPROVED",
    "enrolled_at": "2026-03-31T19:24:58.019Z"
  }
},
{
  "model": "students.enrollment",
  "pk": 19,
  "fields": {
    "student": 11,
    "subject": 30,
    "tutor": 33,
    "hourly_rate": "1500.00",
    "hours_per_week": "4.00",
    "days_per_week": 1,
    "preferred_days": null,
    "preferred_time": null,
    "schedule": "[{\"day\": \"MONDAY\", \"time\": \"13:39\"}, {\"day\": \"WEDNESDAY\", \"time\": \"15:39\"}, {\"day\": \"WEDNESDAY\", \"time\": \"16:39\"}, {\"day\": \"THURSDAY\", \"time\": \"04:39\"}]",
    "preferred_start_date": "2026-04-03",
    "status": "APPROVED",
    "enrolled_at": "2026-03-31T19:25:23.839Z"
  }
},
{
  "model": "tutors.tutorprofile",
  "pk": 1,
  "fields": {
    "user": 28,
    "status": "APPROVED",
    "interview_at": null,
    "interview_link": null,
    "appointment_letter": "appointment_letters/appointment_usmany.pdf",
    "rejection_reason": null,
    "bio": null,
    "age": 25,
    "address": "unguwar jaki",
    "image": "tutor_images/marker-icon-2x.png",
    "short_recitation": "https://res.cloudinary.com/demo/video/upload/dog.mp4",
    "cv_resume": "tutor_credentials/ABDULKADIR.pdf",
    "credentials": "tutor_credentials/01.pdf",
    "experience_years": 3,
    "subjects_to_teach": "Quran, Arabic, Tauheed",
    "languages": "English, Arabic, Hausa",
    "has_online_exp": true,
    "intro_video": "",
    "intro_video_url": "https://www.youtube.com/watch?v=jNQXAC9IVRw",
    "device_type": "BOTH",
    "network_type": "4g",
    "availability_days": "Monday, Tuesday, Wednesday, Thursday",
    "availability_hours": "8:00am - 4:00pm",
    "hourly_rate": "1500.00",
    "commission_percentage": null,
    "phone_number": null,
    "personal_gmail": null,
    "is_blocked": false,
    "is_public": true,
    "live_class_link": "https://meet.jit.si/HidayahLiveRoom_Muslim",
    "trial_class_link": "https://meet.jit.si/HidayahTrialRoom_Muslim",
    "created_at": "2026-01-30T11:25:32.453Z",
    "updated_at": "2026-03-18T13:39:08.893Z",
    "mode": "ONLINE",
    "rate_per_month": "0.00",
    "state": null,
    "city": null,
    "qualification": null,
    "subjects": []
  }
},
{
  "model": "tutors.tutorprofile",
  "pk": 2,
  "fields": {
    "user": 29,
    "status": "REJECTED",
    "interview_at": null,
    "interview_link": null,
    "appointment_letter": "",
    "rejection_reason": "you dont fullfill the qualities",
    "bio": null,
    "age": 30,
    "address": "123 test st",
    "image": "",
    "short_recitation": "",
    "cv_resume": "",
    "credentials": "",
    "experience_years": 5,
    "subjects_to_teach": "Quran",
    "languages": "Arabic, English",
    "has_online_exp": true,
    "intro_video": "",
    "intro_video_url": null,
    "device_type": "COMPUTER",
    "network_type": "Fiber",
    "availability_days": "Monday, Tuesday",
    "availability_hours": "10:00 AM - 2:00 PM",
    "hourly_rate": "1500.00",
    "commission_percentage": null,
    "phone_number": null,
    "personal_gmail": null,
    "is_blocked": false,
    "is_public": false,
    "live_class_link": null,
    "trial_class_link": null,
    "created_at": "2026-01-30T11:33:22.821Z",
    "updated_at": "2026-01-30T16:33:33.999Z",
    "mode": "ONLINE",
    "rate_per_month": "0.00",
    "state": null,
    "city": null,
    "qualification": null,
    "subjects": []
  }
},
{
  "model": "tutors.tutorprofile",
  "pk": 3,
  "fields": {
    "user": 30,
    "status": "REJECTED",
    "interview_at": "2026-03-02T16:08:00Z",
    "interview_link": "https://meet.jit.si/HidayahClass_d8b1a3d55d65",
    "appointment_letter": "",
    "rejection_reason": "lack of knowleadge",
    "bio": null,
    "age": 30,
    "address": "123 test st",
    "image": "",
    "short_recitation": "",
    "cv_resume": "",
    "credentials": "",
    "experience_years": 5,
    "subjects_to_teach": "Quran",
    "languages": "Arabic, English",
    "has_online_exp": true,
    "intro_video": "",
    "intro_video_url": null,
    "device_type": "COMPUTER",
    "network_type": "Fiber",
    "availability_days": "Monday, Tuesday",
    "availability_hours": "10:00 AM - 2:00 PM",
    "hourly_rate": "1500.00",
    "commission_percentage": null,
    "phone_number": null,
    "personal_gmail": null,
    "is_blocked": false,
    "is_public": false,
    "live_class_link": null,
    "trial_class_link": null,
    "created_at": "2026-01-30T11:35:37.499Z",
    "updated_at": "2026-03-18T11:52:12.370Z",
    "mode": "ONLINE",
    "rate_per_month": "0.00",
    "state": null,
    "city": null,
    "qualification": null,
    "subjects": []
  }
},
{
  "model": "tutors.tutorprofile",
  "pk": 4,
  "fields": {
    "user": 31,
    "status": "REJECTED",
    "interview_at": null,
    "interview_link": null,
    "appointment_letter": "",
    "rejection_reason": "lindesciplene",
    "bio": null,
    "age": 30,
    "address": "123 test st",
    "image": "",
    "short_recitation": "",
    "cv_resume": "",
    "credentials": "",
    "experience_years": 5,
    "subjects_to_teach": "Quran",
    "languages": "Arabic, English",
    "has_online_exp": true,
    "intro_video": "",
    "intro_video_url": null,
    "device_type": "COMPUTER",
    "network_type": "Fiber",
    "availability_days": "Monday, Tuesday",
    "availability_hours": "10:00 AM - 2:00 PM",
    "hourly_rate": "1500.00",
    "commission_percentage": null,
    "phone_number": null,
    "personal_gmail": null,
    "is_blocked": false,
    "is_public": false,
    "live_class_link": null,
    "trial_class_link": null,
    "created_at": "2026-01-30T11:37:31.734Z",
    "updated_at": "2026-03-18T11:52:38.536Z",
    "mode": "ONLINE",
    "rate_per_month": "0.00",
    "state": null,
    "city": null,
    "qualification": null,
    "subjects": []
  }
},
{
  "model": "tutors.tutorprofile",
  "pk": 5,
  "fields": {
    "user": 32,
    "status": "APPROVED",
    "interview_at": null,
    "interview_link": null,
    "appointment_letter": "appointment_letters/appointment_testtutor4.pdf",
    "rejection_reason": null,
    "bio": null,
    "age": 30,
    "address": "123 test st",
    "image": "",
    "short_recitation": "",
    "cv_resume": "",
    "credentials": "",
    "experience_years": 5,
    "subjects_to_teach": "Quran",
    "languages": "Arabic, English",
    "has_online_exp": true,
    "intro_video": "",
    "intro_video_url": null,
    "device_type": "COMPUTER",
    "network_type": "Fiber",
    "availability_days": "Monday, Tuesday",
    "availability_hours": "10:00 AM - 2:00 PM",
    "hourly_rate": "1500.00",
    "commission_percentage": null,
    "phone_number": null,
    "personal_gmail": null,
    "is_blocked": false,
    "is_public": false,
    "live_class_link": null,
    "trial_class_link": null,
    "created_at": "2026-01-30T11:43:17.471Z",
    "updated_at": "2026-01-30T16:50:59.760Z",
    "mode": "ONLINE",
    "rate_per_month": "0.00",
    "state": null,
    "city": null,
    "qualification": null,
    "subjects": []
  }
},
{
  "model": "tutors.tutorprofile",
  "pk": 6,
  "fields": {
    "user": 33,
    "status": "APPROVED",
    "interview_at": null,
    "interview_link": null,
    "appointment_letter": "appointment_letters/appointment_kabir.pdf",
    "rejection_reason": null,
    "bio": null,
    "age": 23,
    "address": "39JX+578",
    "image": "tutor_images/al-ansar.jpg",
    "short_recitation": "",
    "cv_resume": "tutor_credentials/ABDULKADIR_MUSTAPHA_RESULT.pdf",
    "credentials": "tutor_credentials/ABDULKADIR_MUSTAPHA_RESULT_hCZDLBg.pdf",
    "experience_years": 10,
    "subjects_to_teach": "tajweed",
    "languages": "English",
    "has_online_exp": false,
    "intro_video": "",
    "intro_video_url": "http://localhost:5173/tutor/register",
    "device_type": "PHONE",
    "network_type": "4g",
    "availability_days": "Wednesday, Thursday",
    "availability_hours": "7:00pm - 8:00pm",
    "hourly_rate": "1500.00",
    "commission_percentage": null,
    "phone_number": null,
    "personal_gmail": null,
    "is_blocked": false,
    "is_public": false,
    "live_class_link": null,
    "trial_class_link": null,
    "created_at": "2026-01-30T16:42:45.785Z",
    "updated_at": "2026-01-30T16:50:54.350Z",
    "mode": "ONLINE",
    "rate_per_month": "0.00",
    "state": null,
    "city": null,
    "qualification": null,
    "subjects": []
  }
},
{
  "model": "tutors.tutorprofile",
  "pk": 7,
  "fields": {
    "user": 38,
    "status": "APPROVED",
    "interview_at": null,
    "interview_link": null,
    "appointment_letter": "appointment_letters/appointment_sadiq.pdf",
    "rejection_reason": null,
    "bio": null,
    "age": 25,
    "address": "Wunti street",
    "image": "tutor_images/al-ansar_HTqOK7L.jpg",
    "short_recitation": "tutor_recitations/1._Introduction_To_The_Course.mp4",
    "cv_resume": "tutor_credentials/IMG-20250715-WA0031.pdf",
    "credentials": "tutor_credentials/001.pdf",
    "experience_years": 10,
    "subjects_to_teach": "Quran,Hadith,Tauheed",
    "languages": "English,Hausa,Yoruba",
    "has_online_exp": true,
    "intro_video": "tutor_videos/JavaScript_DOM_Tutorial_8_-_Traversing_the_DOM_part_21080p.mp4",
    "intro_video_url": "",
    "device_type": "COMPUTER",
    "network_type": "4g",
    "availability_days": "Monday, Tuesday",
    "availability_hours": "8:00pm - 10:00pm",
    "hourly_rate": "2000.00",
    "commission_percentage": null,
    "phone_number": null,
    "personal_gmail": null,
    "is_blocked": false,
    "is_public": false,
    "live_class_link": null,
    "trial_class_link": null,
    "created_at": "2026-02-07T09:14:44.426Z",
    "updated_at": "2026-03-19T10:09:27.992Z",
    "mode": "ONLINE",
    "rate_per_month": "0.00",
    "state": null,
    "city": null,
    "qualification": null,
    "subjects": []
  }
},
{
  "model": "tutors.tutorprofile",
  "pk": 8,
  "fields": {
    "user": 44,
    "status": "APPROVED",
    "interview_at": "2026-03-02T16:08:00Z",
    "interview_link": "https://meet.jit.si/HidayahClass_1621289b4bda",
    "appointment_letter": "",
    "rejection_reason": null,
    "bio": null,
    "age": 23,
    "address": "Wunti street",
    "image": "tutor_images/al-ansar_ZBdu8v8.jpg",
    "short_recitation": "",
    "cv_resume": "tutor_credentials/SAAM.pdf",
    "credentials": "tutor_credentials/Capture.JPG",
    "experience_years": 2,
    "subjects_to_teach": "Quranic Recitation",
    "languages": "English",
    "has_online_exp": true,
    "intro_video": "tutor_videos/JavaScript_DOM_Tutorial_7_-_Traversing_the_DOM_part_11080p.mp4",
    "intro_video_url": null,
    "device_type": "BOTH",
    "network_type": "4g",
    "availability_days": "Monday",
    "availability_hours": "8:00am - 4:00am",
    "hourly_rate": "1500.00",
    "commission_percentage": null,
    "phone_number": null,
    "personal_gmail": null,
    "is_blocked": false,
    "is_public": false,
    "live_class_link": null,
    "trial_class_link": null,
    "created_at": "2026-02-27T10:44:23.653Z",
    "updated_at": "2026-03-18T12:23:30.146Z",
    "mode": "ONLINE",
    "rate_per_month": "0.00",
    "state": null,
    "city": null,
    "qualification": null,
    "subjects": []
  }
},
{
  "model": "tutors.tutorprofile",
  "pk": 9,
  "fields": {
    "user": 45,
    "status": "APPROVED",
    "interview_at": "2026-03-06T22:44:00Z",
    "interview_link": "https://meet.jit.si/HidayahClass_a7d0647275d1",
    "appointment_letter": "",
    "rejection_reason": null,
    "bio": null,
    "age": 30,
    "address": "Unguwan jaki street",
    "image": "tutor_images/favicon.ico",
    "short_recitation": "",
    "cv_resume": "tutor_credentials/01_u1KZ1KZ.pdf",
    "credentials": "tutor_credentials/Isah_musa_second_term_result.pdf",
    "experience_years": 0,
    "subjects_to_teach": "Mathematics, Quranic Recitation, Tafsir",
    "languages": "English",
    "has_online_exp": true,
    "intro_video": "",
    "intro_video_url": null,
    "device_type": "COMPUTER",
    "network_type": "5g",
    "availability_days": "Tuesday, Wednesday",
    "availability_hours": "8:00pm - 9:00am",
    "hourly_rate": "1500.00",
    "commission_percentage": null,
    "phone_number": null,
    "personal_gmail": null,
    "is_blocked": false,
    "is_public": false,
    "live_class_link": null,
    "trial_class_link": null,
    "created_at": "2026-03-01T16:34:15.012Z",
    "updated_at": "2026-03-05T23:48:01.802Z",
    "mode": "ONLINE",
    "rate_per_month": "0.00",
    "state": null,
    "city": null,
    "qualification": null,
    "subjects": []
  }
},
{
  "model": "tutors.tutorprofile",
  "pk": 10,
  "fields": {
    "user": 47,
    "status": "APPROVED",
    "interview_at": null,
    "interview_link": null,
    "appointment_letter": "",
    "rejection_reason": null,
    "bio": null,
    "age": null,
    "address": null,
    "image": "",
    "short_recitation": "",
    "cv_resume": "",
    "credentials": "",
    "experience_years": 5,
    "subjects_to_teach": "Mathematics, Basic Science",
    "languages": "English, Hausa, Arabic",
    "has_online_exp": false,
    "intro_video": "",
    "intro_video_url": null,
    "device_type": "COMPUTER",
    "network_type": null,
    "availability_days": "",
    "availability_hours": "",
    "hourly_rate": "1500.00",
    "commission_percentage": null,
    "phone_number": null,
    "personal_gmail": null,
    "is_blocked": false,
    "is_public": false,
    "live_class_link": null,
    "trial_class_link": null,
    "created_at": "2026-03-16T10:47:18.163Z",
    "updated_at": "2026-03-16T10:49:18.090Z",
    "mode": "ONLINE",
    "rate_per_month": "0.00",
    "state": null,
    "city": null,
    "qualification": null,
    "subjects": []
  }
},
{
  "model": "tutors.tutorprofile",
  "pk": 11,
  "fields": {
    "user": 52,
    "status": "APPROVED",
    "interview_at": "2026-03-26T18:28:00Z",
    "interview_link": "https://meet.jit.si/HidayahClass_a3d70f492f76",
    "appointment_letter": "",
    "rejection_reason": null,
    "bio": null,
    "age": 26,
    "address": "Unguwan jaki street",
    "image": "tutor_images/al-ansar_1mRBWu7.jpg",
    "short_recitation": "",
    "cv_resume": "",
    "credentials": "",
    "experience_years": 0,
    "subjects_to_teach": "Quranic Recitation, English Language",
    "languages": "English",
    "has_online_exp": true,
    "intro_video": "tutor_videos/JavaScript_DOM_Tutorial_2_-_Get_Element_By_ID1080p.mp4",
    "intro_video_url": null,
    "device_type": "COMPUTER",
    "network_type": "4G",
    "availability_days": "Monday",
    "availability_hours": "2:00AM - 1:00PM",
    "hourly_rate": "1500.00",
    "commission_percentage": null,
    "phone_number": null,
    "personal_gmail": null,
    "is_blocked": false,
    "is_public": false,
    "live_class_link": null,
    "trial_class_link": null,
    "created_at": "2026-03-24T17:34:43.122Z",
    "updated_at": "2026-03-27T01:19:40.514Z",
    "mode": "ONLINE",
    "rate_per_month": "0.00",
    "state": null,
    "city": null,
    "qualification": null,
    "subjects": []
  }
},
{
  "model": "tutors.tutorprofile",
  "pk": 12,
  "fields": {
    "user": 54,
    "status": "APPLIED",
    "interview_at": null,
    "interview_link": null,
    "appointment_letter": "",
    "rejection_reason": null,
    "bio": null,
    "age": null,
    "address": null,
    "image": "",
    "short_recitation": "",
    "cv_resume": "",
    "credentials": "",
    "experience_years": 0,
    "subjects_to_teach": "Physics",
    "languages": "English",
    "has_online_exp": false,
    "intro_video": "",
    "intro_video_url": null,
    "device_type": "COMPUTER",
    "network_type": null,
    "availability_days": "Mon, Wed, Fri",
    "availability_hours": "4pm",
    "hourly_rate": "5000.00",
    "commission_percentage": null,
    "phone_number": null,
    "personal_gmail": null,
    "is_blocked": false,
    "is_public": false,
    "live_class_link": null,
    "trial_class_link": null,
    "created_at": "2026-03-25T17:24:39.068Z",
    "updated_at": "2026-03-25T17:24:39.068Z",
    "mode": "ONLINE",
    "rate_per_month": "0.00",
    "state": null,
    "city": null,
    "qualification": null,
    "subjects": []
  }
},
{
  "model": "tutors.tutorprofile",
  "pk": 13,
  "fields": {
    "user": 55,
    "status": "APPROVED",
    "interview_at": "2026-03-29T11:14:00Z",
    "interview_link": "https://meet.jit.si/HidayahClass_a6e1913f5b13",
    "appointment_letter": "",
    "rejection_reason": null,
    "bio": null,
    "age": 20,
    "address": "39JX+578",
    "image": "tutor_images/favicon_fYxG9Pa.ico",
    "short_recitation": "",
    "cv_resume": "tutor_credentials/Isah_musa_second_term_result_gIJrfAI.pdf",
    "credentials": "tutor_credentials/01_83ip8lg.pdf",
    "experience_years": 0,
    "subjects_to_teach": "Quranic Recitation, Hifz Program",
    "languages": "English",
    "has_online_exp": false,
    "intro_video": "",
    "intro_video_url": null,
    "device_type": "COMPUTER",
    "network_type": "4g",
    "availability_days": "Monday, Tuesday",
    "availability_hours": "2:00pm -3:00pm",
    "hourly_rate": "1500.00",
    "commission_percentage": null,
    "phone_number": null,
    "personal_gmail": null,
    "is_blocked": false,
    "is_public": false,
    "live_class_link": null,
    "trial_class_link": null,
    "created_at": "2026-03-28T11:05:01.874Z",
    "updated_at": "2026-03-28T11:16:01.563Z",
    "mode": "ONLINE",
    "rate_per_month": "0.00",
    "state": null,
    "city": null,
    "qualification": null,
    "subjects": []
  }
},
{
  "model": "tutors.tutorprofile",
  "pk": 14,
  "fields": {
    "user": 5,
    "status": "PENDING",
    "interview_at": null,
    "interview_link": null,
    "appointment_letter": "",
    "rejection_reason": null,
    "bio": null,
    "age": null,
    "address": null,
    "image": "",
    "short_recitation": "",
    "cv_resume": "",
    "credentials": "",
    "experience_years": 0,
    "subjects_to_teach": "",
    "languages": "English",
    "has_online_exp": false,
    "intro_video": "",
    "intro_video_url": null,
    "device_type": "COMPUTER",
    "network_type": null,
    "availability_days": "",
    "availability_hours": "",
    "hourly_rate": "1500.00",
    "commission_percentage": null,
    "phone_number": null,
    "personal_gmail": null,
    "is_blocked": false,
    "is_public": false,
    "live_class_link": null,
    "trial_class_link": null,
    "created_at": "2026-03-28T19:44:11.190Z",
    "updated_at": "2026-03-28T19:44:11.190Z",
    "mode": "ONLINE",
    "rate_per_month": "0.00",
    "state": null,
    "city": null,
    "qualification": null,
    "subjects": []
  }
},
{
  "model": "accounts.user",
  "pk": 1,
  "fields": {
    "password": "pbkdf2_sha256$1200000$y1rU3nMZGoZ8eLalSY5uEW$KnnI6Evga1hcPOh9QtRFNN13zYPjgyy5cRjU9DXB+i4=",
    "last_login": "2026-02-03T20:23:59.942Z",
    "is_superuser": true,
    "username": "admin",
    "first_name": "",
    "last_name": "",
    "email": "admin@example.com",
    "is_staff": true,
    "is_active": true,
    "date_joined": "2026-01-16T07:11:06.412Z",
    "role": "ADMIN",
    "phone": null,
    "dob": null,
    "gender": null,
    "country": null,
    "timezone": null,
    "preferred_language": "English",
    "admission_number": null,
    "is_parent_account": false,
    "is_verified": false,
    "groups": [],
    "user_permissions": []
  }
},
{
  "model": "accounts.user",
  "pk": 2,
  "fields": {
    "password": "pbkdf2_sha256$1200000$EyeBL5H3xDfEvvDgO6qjOF$lx8gyvSaa4+/LhLMlrLvclEcTFOcIn40mClpa//OQ5w=",
    "last_login": null,
    "is_superuser": false,
    "username": "ukshat01",
    "first_name": "Ukasha",
    "last_name": "musa",
    "email": "uyaumusa@gmail.com",
    "is_staff": false,
    "is_active": true,
    "date_joined": "2026-01-16T08:15:29.609Z",
    "role": "STUDENT",
    "phone": null,
    "dob": "2004-05-20",
    "gender": "Male",
    "country": "Nigeria",
    "timezone": null,
    "preferred_language": "English",
    "admission_number": "HEMI/2026/GEN/9867",
    "is_parent_account": false,
    "is_verified": false,
    "groups": [],
    "user_permissions": []
  }
},
{
  "model": "accounts.user",
  "pk": 3,
  "fields": {
    "password": "pbkdf2_sha256$1200000$Zq27tT9sow0TVkqoehOHnJ$wK45mbDwLywRp7WGcVnyOS2dFoKyTePKIYNWTNDAbr0=",
    "last_login": null,
    "is_superuser": false,
    "username": "MUHSIN",
    "first_name": "kabir",
    "last_name": "umar",
    "email": "ukashayaumusa14@gmail.com",
    "is_staff": false,
    "is_active": true,
    "date_joined": "2026-01-16T11:04:57.221Z",
    "role": "STUDENT",
    "phone": null,
    "dob": "2025-01-14",
    "gender": "Male",
    "country": "Nigeria",
    "timezone": null,
    "preferred_language": "English",
    "admission_number": "HEMI/2026/GEN/2118",
    "is_parent_account": false,
    "is_verified": false,
    "groups": [],
    "user_permissions": []
  }
},
{
  "model": "accounts.user",
  "pk": 4,
  "fields": {
    "password": "pbkdf2_sha256$1200000$YiR7qb3yM9ok26cq8jQT0K$IlYnSw/mPT817AR0adsgT453wzEofAo0hz3CQGdfsjo=",
    "last_login": null,
    "is_superuser": false,
    "username": "parent_MUHSIN_29",
    "first_name": "muhamma",
    "last_name": "",
    "email": "ukashayaumusa14@gmail.com",
    "is_staff": false,
    "is_active": true,
    "date_joined": "2026-01-16T11:05:00.288Z",
    "role": "PARENT",
    "phone": null,
    "dob": null,
    "gender": null,
    "country": null,
    "timezone": null,
    "preferred_language": "English",
    "admission_number": null,
    "is_parent_account": true,
    "is_verified": false,
    "groups": [],
    "user_permissions": []
  }
},
{
  "model": "accounts.user",
  "pk": 5,
  "fields": {
    "password": "pbkdf2_sha256$1200000$93iS23MvgJtYTAnuuejeiU$dZxliqdUeisymT7lTEbJtx873V8cJB63SMsbTE3Hq2I=",
    "last_login": null,
    "is_superuser": false,
    "username": "umar",
    "first_name": "Ukasha",
    "last_name": "Yau musa",
    "email": "uyaumusa@gmail.com",
    "is_staff": false,
    "is_active": true,
    "date_joined": "2026-01-17T18:26:54.501Z",
    "role": "TUTOR",
    "phone": null,
    "dob": "2024-06-12",
    "gender": "Male",
    "country": "Nigeria",
    "timezone": null,
    "preferred_language": "English",
    "admission_number": "HEMI/2026/GEN/1176",
    "is_parent_account": false,
    "is_verified": false,
    "groups": [],
    "user_permissions": []
  }
},
{
  "model": "accounts.user",
  "pk": 6,
  "fields": {
    "password": "pbkdf2_sha256$1200000$6FCkBWZwqykh2trVW1ClOS$gsdRi5RmruW01WNC8CdtkKVUmUN6lh4t0rPwDSGERVc=",
    "last_login": null,
    "is_superuser": false,
    "username": "parent_umar_32",
    "first_name": "muhammad",
    "last_name": "",
    "email": "ukashayaumusa14@gmail.com",
    "is_staff": false,
    "is_active": true,
    "date_joined": "2026-01-17T18:26:56.640Z",
    "role": "PARENT",
    "phone": null,
    "dob": null,
    "gender": null,
    "country": null,
    "timezone": null,
    "preferred_language": "English",
    "admission_number": null,
    "is_parent_account": true,
    "is_verified": false,
    "groups": [],
    "user_permissions": []
  }
},
{
  "model": "accounts.user",
  "pk": 7,
  "fields": {
    "password": "pbkdf2_sha256$1200000$GHrEgE5x95X9AamDSaDDSd$JBGk4DWzFjSCIKPU3jRN7e7eMnQRRnUdYdSHJF1mONY=",
    "last_login": null,
    "is_superuser": false,
    "username": "usk",
    "first_name": "Ukasha",
    "last_name": "Yau musa",
    "email": "uyaumusa@gmail.com",
    "is_staff": false,
    "is_active": true,
    "date_joined": "2026-01-19T15:51:04.971Z",
    "role": "STUDENT",
    "phone": null,
    "dob": "1995-05-20",
    "gender": "Male",
    "country": "Nigeria",
    "timezone": null,
    "preferred_language": "English",
    "admission_number": "HEMI/2026/GEN/5422",
    "is_parent_account": false,
    "is_verified": false,
    "groups": [],
    "user_permissions": []
  }
},
{
  "model": "accounts.user",
  "pk": 8,
  "fields": {
    "password": "pbkdf2_sha256$1200000$zfyXcKExXuQuwmf0AuZM0n$U1J9XCDiqhafFowVLE3cIgE8X09ATBAVJ1YnbQGuVkA=",
    "last_login": null,
    "is_superuser": false,
    "username": "uska",
    "first_name": "Ukasha",
    "last_name": "Yau musa",
    "email": "uyaumusa@gmail.com",
    "is_staff": false,
    "is_active": true,
    "date_joined": "2026-01-19T15:59:09.102Z",
    "role": "STUDENT",
    "phone": null,
    "dob": "1995-08-20",
    "gender": "Male",
    "country": "Nigeria",
    "timezone": null,
    "preferred_language": "English",
    "admission_number": "HEMI/2026/GEN/4376",
    "is_parent_account": false,
    "is_verified": false,
    "groups": [],
    "user_permissions": []
  }
},
{
  "model": "accounts.user",
  "pk": 9,
  "fields": {
    "password": "pbkdf2_sha256$1200000$Ia1CSnlcb3JoN5FuBc2lv9$zrZJMNqaXEcGmxEPo8YIIRMRaXDnjskZXbvKy8OT0Tw=",
    "last_login": null,
    "is_superuser": false,
    "username": "usmka",
    "first_name": "Ukasha",
    "last_name": "Yau musa",
    "email": "uyaumusa@gmail.com",
    "is_staff": false,
    "is_active": true,
    "date_joined": "2026-01-19T19:24:31.813Z",
    "role": "STUDENT",
    "phone": null,
    "dob": "2024-08-20",
    "gender": "Male",
    "country": "Nigeria",
    "timezone": null,
    "preferred_language": "English",
    "admission_number": "HEMI/2026/GEN/7455",
    "is_parent_account": false,
    "is_verified": false,
    "groups": [],
    "user_permissions": []
  }
},
{
  "model": "accounts.user",
  "pk": 10,
  "fields": {
    "password": "pbkdf2_sha256$1200000$KVVwWA926wNGBjGZLzQcTn$ObumA3lUObBVimTrFg53L9lxkzMxWODcZ0NTBLAYGYM=",
    "last_login": null,
    "is_superuser": false,
    "username": "parent_usmka_72",
    "first_name": "muhammad",
    "last_name": "",
    "email": "uyaumusa@gmail.com",
    "is_staff": false,
    "is_active": true,
    "date_joined": "2026-01-19T19:24:34.579Z",
    "role": "PARENT",
    "phone": null,
    "dob": null,
    "gender": null,
    "country": null,
    "timezone": null,
    "preferred_language": "English",
    "admission_number": null,
    "is_parent_account": true,
    "is_verified": false,
    "groups": [],
    "user_permissions": []
  }
},
{
  "model": "accounts.user",
  "pk": 11,
  "fields": {
    "password": "pbkdf2_sha256$1200000$c9MpLvfQ5yvSiaAFyHFQiQ$VYEm2jZXLyU+MEamQfOGGpjfgQyAACX0tGXUXR07Eys=",
    "last_login": null,
    "is_superuser": false,
    "username": "user_1tzrvd1t",
    "first_name": "Test",
    "last_name": "User",
    "email": "user_1tzrvd1t@example.com",
    "is_staff": false,
    "is_active": true,
    "date_joined": "2026-01-20T06:34:17.487Z",
    "role": "STUDENT",
    "phone": null,
    "dob": "2000-01-01",
    "gender": "Male",
    "country": "Nigeria",
    "timezone": null,
    "preferred_language": "English",
    "admission_number": "HEMI/2026/GEN/5518",
    "is_parent_account": false,
    "is_verified": false,
    "groups": [],
    "user_permissions": []
  }
},
{
  "model": "accounts.user",
  "pk": 12,
  "fields": {
    "password": "pbkdf2_sha256$1200000$Gybm7CZm3xXeDa3BDS86Sz$HrQ2S+1eNvi18R2L0Z6ntJ07N22JHWol+1NUFqCiXQY=",
    "last_login": null,
    "is_superuser": false,
    "username": "user_lepf23j3",
    "first_name": "Test",
    "last_name": "User",
    "email": "user_lepf23j3@example.com",
    "is_staff": false,
    "is_active": true,
    "date_joined": "2026-01-20T06:35:18.939Z",
    "role": "STUDENT",
    "phone": null,
    "dob": "2000-01-01",
    "gender": "Male",
    "country": "Nigeria",
    "timezone": null,
    "preferred_language": "English",
    "admission_number": "HEMI/2026/GEN/6788",
    "is_parent_account": false,
    "is_verified": false,
    "groups": [],
    "user_permissions": []
  }
},
{
  "model": "accounts.user",
  "pk": 13,
  "fields": {
    "password": "pbkdf2_sha256$1200000$IjZTF7RT3V0f6LAV0lpGfm$dZ8CpGsoUbm5JuTKsuoShG5givOO/eFK/T6NhVNFW/8=",
    "last_login": null,
    "is_superuser": false,
    "username": "user_wl12kcne",
    "first_name": "Test",
    "last_name": "User",
    "email": "user_wl12kcne@example.com",
    "is_staff": false,
    "is_active": true,
    "date_joined": "2026-01-20T06:35:58.824Z",
    "role": "STUDENT",
    "phone": null,
    "dob": "2000-01-01",
    "gender": "Male",
    "country": "Nigeria",
    "timezone": null,
    "preferred_language": "English",
    "admission_number": "HEMI/2026/GEN/9588",
    "is_parent_account": false,
    "is_verified": false,
    "groups": [],
    "user_permissions": []
  }
},
{
  "model": "accounts.user",
  "pk": 14,
  "fields": {
    "password": "pbkdf2_sha256$1200000$dDOqUvkkxajzli8IdxONye$eUsPlkPRhVgKQSXf9moLnQaXpDQQwD5I+oNVhsvuEwI=",
    "last_login": null,
    "is_superuser": false,
    "username": "usama",
    "first_name": "Ukasha",
    "last_name": "Yau musa",
    "email": "uyaumusa@gmail.com",
    "is_staff": false,
    "is_active": true,
    "date_joined": "2026-01-20T06:44:50.222Z",
    "role": "STUDENT",
    "phone": null,
    "dob": "2020-08-20",
    "gender": "Male",
    "country": "Nigeria",
    "timezone": null,
    "preferred_language": "English",
    "admission_number": "HEMI/2026/GEN/6144",
    "is_parent_account": false,
    "is_verified": false,
    "groups": [],
    "user_permissions": []
  }
},
{
  "model": "accounts.user",
  "pk": 15,
  "fields": {
    "password": "pbkdf2_sha256$1200000$FsfeQMOQBLkksIPuIM485F$q6ihL49RYQqWzCVg8O2cbuAEOnR0Qw06DZQgM1Kekb8=",
    "last_login": null,
    "is_superuser": false,
    "username": "parent_usama_14",
    "first_name": "muhammad",
    "last_name": "",
    "email": "uyaumusa@gmail.com",
    "is_staff": false,
    "is_active": true,
    "date_joined": "2026-01-20T06:44:53.259Z",
    "role": "PARENT",
    "phone": null,
    "dob": null,
    "gender": null,
    "country": null,
    "timezone": null,
    "preferred_language": "English",
    "admission_number": null,
    "is_parent_account": true,
    "is_verified": false,
    "groups": [],
    "user_permissions": []
  }
},
{
  "model": "accounts.user",
  "pk": 16,
  "fields": {
    "password": "pbkdf2_sha256$1200000$jqv7D00CryzVyttJW2VPdx$xNt8sTx9XDNgWMea7Y/NG84kp5Ln0gwGLAA+2rPlaGM=",
    "last_login": null,
    "is_superuser": false,
    "username": "UMMA",
    "first_name": "Ukasha",
    "last_name": "Yau musa",
    "email": "uyaumusa@gmail.com",
    "is_staff": false,
    "is_active": true,
    "date_joined": "2026-01-21T15:55:02.701Z",
    "role": "STUDENT",
    "phone": null,
    "dob": "1999-05-20",
    "gender": "Male",
    "country": "Nigeria",
    "timezone": null,
    "preferred_language": "English",
    "admission_number": "HEMI/2026/GEN/7780",
    "is_parent_account": false,
    "is_verified": false,
    "groups": [],
    "user_permissions": []
  }
},
{
  "model": "accounts.user",
  "pk": 17,
  "fields": {
    "password": "pbkdf2_sha256$1200000$JrdWW1GnYG7VCbSVweRw77$Y9f3+TzqPb5LY4+9tFe31eQl7Y7JpELe9Z2P48ofvA8=",
    "last_login": null,
    "is_superuser": false,
    "username": "teststudent_wallet",
    "first_name": "Wallet",
    "last_name": "Tester",
    "email": "teststudent_wallet@example.com",
    "is_staff": false,
    "is_active": true,
    "date_joined": "2026-01-29T10:04:56.336Z",
    "role": "STUDENT",
    "phone": null,
    "dob": null,
    "gender": null,
    "country": null,
    "timezone": null,
    "preferred_language": "English",
    "admission_number": null,
    "is_parent_account": false,
    "is_verified": false,
    "groups": [],
    "user_permissions": []
  }
},
{
  "model": "accounts.user",
  "pk": 18,
  "fields": {
    "password": "pbkdf2_sha256$1200000$iX5TuFuzaFjnt6L7UH1dTE$T+cLAQbkPYIChAiYIINYGSY5cFmMjxbVejrRPLHMYB4=",
    "last_login": null,
    "is_superuser": false,
    "username": "test_nofee",
    "first_name": "NoFee",
    "last_name": "Tester",
    "email": "test_nofee@example.com",
    "is_staff": false,
    "is_active": true,
    "date_joined": "2026-01-29T10:19:34.648Z",
    "role": "STUDENT",
    "phone": null,
    "dob": "1990-01-01",
    "gender": "Male",
    "country": null,
    "timezone": null,
    "preferred_language": "English",
    "admission_number": "HEMI/2026/GEN/4027",
    "is_parent_account": false,
    "is_verified": false,
    "groups": [],
    "user_permissions": []
  }
},
{
  "model": "accounts.user",
  "pk": 24,
  "fields": {
    "password": "pbkdf2_sha256$1200000$YTtKKVBvSVW8915gZadZDY$BaNnby//cA1KQAucHpkfVpj2Y9gC60KAE+pGJLyVZA0=",
    "last_login": null,
    "is_superuser": false,
    "username": "test_reset",
    "first_name": "Reset",
    "last_name": "Tester",
    "email": "test_reset@example.com",
    "is_staff": false,
    "is_active": true,
    "date_joined": "2026-01-29T13:36:46.566Z",
    "role": "STUDENT",
    "phone": null,
    "dob": null,
    "gender": null,
    "country": null,
    "timezone": null,
    "preferred_language": "English",
    "admission_number": null,
    "is_parent_account": false,
    "is_verified": false,
    "groups": [],
    "user_permissions": []
  }
},
{
  "model": "accounts.user",
  "pk": 25,
  "fields": {
    "password": "pbkdf2_sha256$1200000$ifTa6tETDccqjF15YNVz63$utvgoxhTiO3BXCFxKpJJZv5143Y0SQ8P2RJBSeI3sHE=",
    "last_login": null,
    "is_superuser": false,
    "username": "ukahaaat",
    "first_name": "ukasha",
    "last_name": "yau musa",
    "email": "uyaumusa@gmail.com",
    "is_staff": false,
    "is_active": true,
    "date_joined": "2026-01-29T14:00:00.652Z",
    "role": "STUDENT",
    "phone": null,
    "dob": "2002-11-09",
    "gender": "Male",
    "country": "nigeria",
    "timezone": null,
    "preferred_language": "English",
    "admission_number": "HEMI/2026/GEN/7671",
    "is_parent_account": false,
    "is_verified": false,
    "groups": [],
    "user_permissions": []
  }
},
{
  "model": "accounts.user",
  "pk": 27,
  "fields": {
    "password": "pbkdf2_sha256$1200000$C4KdLJN3K4oQILRwfwZdSe$iywL66DnBK1EjGvQDpGnoao08DBqO59r7hbEqx5oJ1g=",
    "last_login": null,
    "is_superuser": false,
    "username": "test_termly_student",
    "first_name": "Termly",
    "last_name": "Student",
    "email": "termly@example.com",
    "is_staff": false,
    "is_active": true,
    "date_joined": "2026-01-29T17:24:55.427Z",
    "role": "STUDENT",
    "phone": null,
    "dob": "2000-01-01",
    "gender": "Male",
    "country": "Nigeria",
    "timezone": null,
    "preferred_language": "English",
    "admission_number": "HEMI/2026/GEN/6888",
    "is_parent_account": false,
    "is_verified": false,
    "groups": [],
    "user_permissions": []
  }
},
{
  "model": "accounts.user",
  "pk": 28,
  "fields": {
    "password": "pbkdf2_sha256$1200000$MuD4QojTiJ0WJzHRbGgkuz$lGeDq0u2CK14y4f26u/qW19QKN/s26b5z3V0to39xiM=",
    "last_login": null,
    "is_superuser": false,
    "username": "usmany",
    "first_name": "muslim",
    "last_name": "yau musa",
    "email": "ukashayaumusa14@gmail.com",
    "is_staff": false,
    "is_active": true,
    "date_joined": "2026-01-30T11:25:28.532Z",
    "role": "TUTOR",
    "phone": null,
    "dob": null,
    "gender": "Male",
    "country": "Nigeria",
    "timezone": null,
    "preferred_language": "English",
    "admission_number": null,
    "is_parent_account": false,
    "is_verified": false,
    "groups": [],
    "user_permissions": []
  }
},
{
  "model": "accounts.user",
  "pk": 29,
  "fields": {
    "password": "pbkdf2_sha256$1200000$Lv6QNGNLt1z62LffKwKLvI$Olke5+cZBlHbwkv+Q2pNt/C1iX7U2VTbPabPqmHfHTI=",
    "last_login": null,
    "is_superuser": false,
    "username": "testtutor1",
    "first_name": "Test",
    "last_name": "Tutor",
    "email": "testtutor1@example.com",
    "is_staff": false,
    "is_active": false,
    "date_joined": "2026-01-30T11:33:19.170Z",
    "role": "TUTOR",
    "phone": null,
    "dob": null,
    "gender": "Male",
    "country": "Nigeria",
    "timezone": null,
    "preferred_language": "English",
    "admission_number": null,
    "is_parent_account": false,
    "is_verified": false,
    "groups": [],
    "user_permissions": []
  }
},
{
  "model": "accounts.user",
  "pk": 30,
  "fields": {
    "password": "pbkdf2_sha256$1200000$FDu5218sjzC4Oe99MWxsKH$q2ISDrCf1Bxzf1Ltp4SNp61gztzK9KfOID+Ynv2HKDE=",
    "last_login": null,
    "is_superuser": false,
    "username": "testtutor2",
    "first_name": "Test",
    "last_name": "Tutor",
    "email": "testtutor2@example.com",
    "is_staff": false,
    "is_active": false,
    "date_joined": "2026-01-30T11:35:33.509Z",
    "role": "TUTOR",
    "phone": null,
    "dob": null,
    "gender": "Male",
    "country": "Nigeria",
    "timezone": null,
    "preferred_language": "English",
    "admission_number": null,
    "is_parent_account": false,
    "is_verified": false,
    "groups": [],
    "user_permissions": []
  }
},
{
  "model": "accounts.user",
  "pk": 31,
  "fields": {
    "password": "pbkdf2_sha256$1200000$TqVBXpU3EwlsLEuxbFW9BX$lZOFLowhlKeO6WgZeKEu7bJv32p56y6U+0/U1RGvt8o=",
    "last_login": null,
    "is_superuser": false,
    "username": "testtutor3",
    "first_name": "Test",
    "last_name": "Tutor",
    "email": "testtutor3@example.com",
    "is_staff": false,
    "is_active": false,
    "date_joined": "2026-01-30T11:37:27.834Z",
    "role": "TUTOR",
    "phone": null,
    "dob": null,
    "gender": "Male",
    "country": "Nigeria",
    "timezone": null,
    "preferred_language": "English",
    "admission_number": null,
    "is_parent_account": false,
    "is_verified": false,
    "groups": [],
    "user_permissions": []
  }
},
{
  "model": "accounts.user",
  "pk": 32,
  "fields": {
    "password": "pbkdf2_sha256$1200000$VrZOhPXhm4C3rdGzhHqZqy$zV0AQxL820rZRXcfkf91u1xxlrx63qHmW2OgYDtJm5E=",
    "last_login": null,
    "is_superuser": false,
    "username": "testtutor4",
    "first_name": "Test",
    "last_name": "Tutor",
    "email": "testtutor4@example.com",
    "is_staff": false,
    "is_active": true,
    "date_joined": "2026-01-30T11:43:13.621Z",
    "role": "TUTOR",
    "phone": null,
    "dob": null,
    "gender": "Male",
    "country": "Nigeria",
    "timezone": null,
    "preferred_language": "English",
    "admission_number": null,
    "is_parent_account": false,
    "is_verified": false,
    "groups": [],
    "user_permissions": []
  }
},
{
  "model": "accounts.user",
  "pk": 33,
  "fields": {
    "password": "pbkdf2_sha256$1200000$MbnuXtFlANX9Yyqx5kMOVa$/I891n5gLVkBLTLBsMOloWBaVSkaI1gRWQiLVCMRn3w=",
    "last_login": null,
    "is_superuser": false,
    "username": "kabir",
    "first_name": "ukasha",
    "last_name": "yau musa",
    "email": "ukashayaumusa14@gmail.com",
    "is_staff": false,
    "is_active": true,
    "date_joined": "2026-01-30T16:42:43.053Z",
    "role": "TUTOR",
    "phone": null,
    "dob": null,
    "gender": "Male",
    "country": "Nigeria",
    "timezone": null,
    "preferred_language": "English",
    "admission_number": null,
    "is_parent_account": false,
    "is_verified": false,
    "groups": [],
    "user_permissions": []
  }
},
{
  "model": "accounts.user",
  "pk": 34,
  "fields": {
    "password": "pbkdf2_sha256$1200000$DZQFK8OgOS4wZNYtwyWqje$IJXcXeiJU2s+YDK9k9MphpCjZOMNccNqT+gzRRF/QVc=",
    "last_login": null,
    "is_superuser": false,
    "username": "sani",
    "first_name": "sani",
    "last_name": "Abubakar",
    "email": "ukashayaumusa14@gmail.com",
    "is_staff": false,
    "is_active": true,
    "date_joined": "2026-02-05T20:27:12.388Z",
    "role": "STUDENT",
    "phone": null,
    "dob": "2026-02-12",
    "gender": "Male",
    "country": "Nigeria",
    "timezone": null,
    "preferred_language": "English",
    "admission_number": "HEMI/2026/GEN/4151",
    "is_parent_account": false,
    "is_verified": false,
    "groups": [],
    "user_permissions": []
  }
},
{
  "model": "accounts.user",
  "pk": 35,
  "fields": {
    "password": "pbkdf2_sha256$1200000$8kvjIXc98iOhxUNCEY7DjA$9VY/bsSrk7EccBvFsfEwtls7ziOgJ7jCGdrShd8LniU=",
    "last_login": null,
    "is_superuser": false,
    "username": "parent_sani_28",
    "first_name": "muhammad",
    "last_name": "",
    "email": "uyaumusa@gmail.com",
    "is_staff": false,
    "is_active": true,
    "date_joined": "2026-02-05T20:27:14.754Z",
    "role": "PARENT",
    "phone": null,
    "dob": null,
    "gender": null,
    "country": null,
    "timezone": null,
    "preferred_language": "English",
    "admission_number": null,
    "is_parent_account": true,
    "is_verified": false,
    "groups": [],
    "user_permissions": []
  }
},
{
  "model": "accounts.user",
  "pk": 36,
  "fields": {
    "password": "pbkdf2_sha256$1200000$nAdbn64AoJ4bDxt8dyPIgb$ea5H1nG3oaGhKOMQQ5OLIh9/q9BHgeZzxjKynWWZLGI=",
    "last_login": null,
    "is_superuser": false,
    "username": "uksh3",
    "first_name": "Ukasha",
    "last_name": "Yau musa",
    "email": "uyaumusa@gmail.com",
    "is_staff": false,
    "is_active": true,
    "date_joined": "2026-02-06T22:33:42.848Z",
    "role": "STUDENT",
    "phone": null,
    "dob": "2026-02-06",
    "gender": "Male",
    "country": "Nigeria",
    "timezone": null,
    "preferred_language": "English",
    "admission_number": "HEMI/2026/GEN/9876",
    "is_parent_account": false,
    "is_verified": false,
    "groups": [],
    "user_permissions": []
  }
},
{
  "model": "accounts.user",
  "pk": 37,
  "fields": {
    "password": "pbkdf2_sha256$1200000$zNcDChAbCzlXsOTajgzbsW$i1NkzlovUu9vGe8er+Uniu7x0zx8xEfyfX7Xp7tbCq4=",
    "last_login": null,
    "is_superuser": false,
    "username": "parent_uksh3_61",
    "first_name": "muhammad",
    "last_name": "",
    "email": "uyaumusa@gmail.com",
    "is_staff": false,
    "is_active": true,
    "date_joined": "2026-02-06T22:33:46.037Z",
    "role": "PARENT",
    "phone": null,
    "dob": null,
    "gender": null,
    "country": null,
    "timezone": null,
    "preferred_language": "English",
    "admission_number": null,
    "is_parent_account": true,
    "is_verified": false,
    "groups": [],
    "user_permissions": []
  }
},
{
  "model": "accounts.user",
  "pk": 38,
  "fields": {
    "password": "pbkdf2_sha256$1200000$FVefsmJzPGH6iCykSIFHkH$pEBnljvlP3Su9w0g4T65plbZq4lW8vXY7FkHUpAxnUY=",
    "last_login": null,
    "is_superuser": false,
    "username": "sadiq",
    "first_name": "sadiq",
    "last_name": "sulaiman",
    "email": "ukashayaumusa14@gmail.com",
    "is_staff": false,
    "is_active": true,
    "date_joined": "2026-02-07T09:14:41.527Z",
    "role": "TUTOR",
    "phone": null,
    "dob": null,
    "gender": "Male",
    "country": "Nigeria",
    "timezone": null,
    "preferred_language": "English",
    "admission_number": null,
    "is_parent_account": false,
    "is_verified": false,
    "groups": [],
    "user_permissions": []
  }
},
{
  "model": "accounts.user",
  "pk": 39,
  "fields": {
    "password": "pbkdf2_sha256$1200000$qxfFL2tqOkMmOL0AdrQvBk$R2cJQkHierQfU2Bnh6NVRhxUPr/xK77pDNVF7mC6RPc=",
    "last_login": null,
    "is_superuser": false,
    "username": "uksha",
    "first_name": "Ukasha",
    "last_name": "Yau musa",
    "email": "uyaumusa@gmail.com",
    "is_staff": false,
    "is_active": true,
    "date_joined": "2026-02-21T20:42:32.882Z",
    "role": "STUDENT",
    "phone": null,
    "dob": "2026-01-29",
    "gender": "Male",
    "country": "Nigeria",
    "timezone": null,
    "preferred_language": "English",
    "admission_number": "HEMI/2026/GEN/7064",
    "is_parent_account": false,
    "is_verified": false,
    "groups": [],
    "user_permissions": []
  }
},
{
  "model": "accounts.user",
  "pk": 40,
  "fields": {
    "password": "pbkdf2_sha256$1200000$AD7OQXyWUZfdDdqYmRr5pn$HaK1PaGWHLXGoZrm7QLxv36OB57hMv7HlErnFakCsNI=",
    "last_login": null,
    "is_superuser": false,
    "username": "parent_uksha_68",
    "first_name": "muhammad",
    "last_name": "",
    "email": "uyaumusa@gmail.com",
    "is_staff": false,
    "is_active": true,
    "date_joined": "2026-02-21T20:42:38.989Z",
    "role": "PARENT",
    "phone": null,
    "dob": null,
    "gender": null,
    "country": null,
    "timezone": null,
    "preferred_language": "English",
    "admission_number": null,
    "is_parent_account": true,
    "is_verified": false,
    "groups": [],
    "user_permissions": []
  }
},
{
  "model": "accounts.user",
  "pk": 41,
  "fields": {
    "password": "pbkdf2_sha256$1200000$qFCLCo502OUPurTEtnfLaO$9tHeogvx+wYf2gOzFiQ6f1IlUeGZUefglAAsuKY+kMo=",
    "last_login": null,
    "is_superuser": false,
    "username": "teststudent_unique_2",
    "first_name": "Test",
    "last_name": "Student",
    "email": "student_unique_2@example.com",
    "is_staff": false,
    "is_active": true,
    "date_joined": "2026-02-22T13:45:55.576Z",
    "role": "STUDENT",
    "phone": null,
    "dob": null,
    "gender": null,
    "country": null,
    "timezone": null,
    "preferred_language": "English",
    "admission_number": "HEMI/2026/GEN/9623",
    "is_parent_account": false,
    "is_verified": false,
    "groups": [],
    "user_permissions": []
  }
},
{
  "model": "accounts.user",
  "pk": 42,
  "fields": {
    "password": "pbkdf2_sha256$1200000$SvGHQXlKNR2MKBhmYiEuUJ$ZnB1ckN3Ouh9ylce5vIf6axYrrZn7YEdnXSVU9uCek4=",
    "last_login": null,
    "is_superuser": false,
    "username": "new_student_5507",
    "first_name": "Test",
    "last_name": "Student",
    "email": "new_student_5507@example.com",
    "is_staff": false,
    "is_active": true,
    "date_joined": "2026-02-26T16:10:39.422Z",
    "role": "STUDENT",
    "phone": null,
    "dob": "2010-01-01",
    "gender": "Male",
    "country": "NG",
    "timezone": null,
    "preferred_language": "English",
    "admission_number": "HEMI/2026/GEN/7637",
    "is_parent_account": false,
    "is_verified": false,
    "groups": [],
    "user_permissions": []
  }
},
{
  "model": "accounts.user",
  "pk": 43,
  "fields": {
    "password": "pbkdf2_sha256$1200000$LRS0DrMjxkOkeYqbXjDSer$LmGRzNKRP2bwm3wi5E8KjatKDWlqdVyq+xh2/q/7Sns=",
    "last_login": null,
    "is_superuser": false,
    "username": "new_student_4155",
    "first_name": "Test",
    "last_name": "Student",
    "email": "new_student_4155@example.com",
    "is_staff": false,
    "is_active": true,
    "date_joined": "2026-02-26T16:14:30.358Z",
    "role": "STUDENT",
    "phone": null,
    "dob": "2010-01-01",
    "gender": "Male",
    "country": "NG",
    "timezone": null,
    "preferred_language": "English",
    "admission_number": "HEMI/2026/GEN/1682",
    "is_parent_account": false,
    "is_verified": false,
    "groups": [],
    "user_permissions": []
  }
},
{
  "model": "accounts.user",
  "pk": 44,
  "fields": {
    "password": "pbkdf2_sha256$1200000$hFgMVw9MHqrBoMMIj7jq35$T6Szmk2dXHwk9UCd+Onlkljkdo89Cz9PzxlYDiKDq5A=",
    "last_login": null,
    "is_superuser": false,
    "username": "sagir",
    "first_name": "sagir",
    "last_name": "musa",
    "email": "uyaumusa@gmail.com",
    "is_staff": false,
    "is_active": true,
    "date_joined": "2026-02-27T10:44:21.073Z",
    "role": "TUTOR",
    "phone": null,
    "dob": null,
    "gender": "Male",
    "country": "Nigeria",
    "timezone": null,
    "preferred_language": "English",
    "admission_number": null,
    "is_parent_account": false,
    "is_verified": false,
    "groups": [],
    "user_permissions": []
  }
},
{
  "model": "accounts.user",
  "pk": 45,
  "fields": {
    "password": "pbkdf2_sha256$1200000$gul2lBLXRv2M2bmVpcBEsQ$/8jFqXq+P/FKi89QbEv6sgGT8ib/6VHaYdsTHgmeQ3U=",
    "last_login": null,
    "is_superuser": false,
    "username": "sale",
    "first_name": "kabir",
    "last_name": "umar",
    "email": "uyaumusa@gmail.com",
    "is_staff": false,
    "is_active": true,
    "date_joined": "2026-03-01T16:34:11.313Z",
    "role": "TUTOR",
    "phone": null,
    "dob": null,
    "gender": "Male",
    "country": "Nigeria",
    "timezone": null,
    "preferred_language": "English",
    "admission_number": null,
    "is_parent_account": false,
    "is_verified": false,
    "groups": [],
    "user_permissions": []
  }
},
{
  "model": "accounts.user",
  "pk": 46,
  "fields": {
    "password": "pbkdf2_sha256$1200000$ZJ3qCkZV3ComnTdl8XMlkg$0+5Hjn2VCtogPUGZWSmvuwGk2t64EV8P8837ltPvYMI=",
    "last_login": null,
    "is_superuser": false,
    "username": "musa",
    "first_name": "musa",
    "last_name": "isah",
    "email": "uyaumusa@gmail.com",
    "is_staff": false,
    "is_active": true,
    "date_joined": "2026-03-01T17:06:16.272Z",
    "role": "STUDENT",
    "phone": null,
    "dob": "1990-03-01",
    "gender": "Male",
    "country": "nigeria",
    "timezone": null,
    "preferred_language": "English",
    "admission_number": "HEMI/2026/GEN/4439",
    "is_parent_account": false,
    "is_verified": false,
    "groups": [],
    "user_permissions": []
  }
},
{
  "model": "accounts.user",
  "pk": 47,
  "fields": {
    "password": "pbkdf2_sha256$1200000$XwL1XXPkMnmP2U5KuDqTDL$Er2NG59rWjqSqda8IOVmfaUQ2wc/tJMQ+9GIRTkqHis=",
    "last_login": null,
    "is_superuser": false,
    "username": "testtutor",
    "first_name": "Test",
    "last_name": "Tutor",
    "email": "test@tutor.com",
    "is_staff": false,
    "is_active": true,
    "date_joined": "2026-03-16T10:47:17.674Z",
    "role": "TUTOR",
    "phone": null,
    "dob": null,
    "gender": null,
    "country": null,
    "timezone": null,
    "preferred_language": "English",
    "admission_number": null,
    "is_parent_account": false,
    "is_verified": false,
    "groups": [],
    "user_permissions": []
  }
},
{
  "model": "accounts.user",
  "pk": 48,
  "fields": {
    "password": "pbkdf2_sha256$1200000$xqpJdUknRgWCYrBtkRWGyX$XwUJroZ+jq16tUBNUEihjj9B0eIbSBzZwVacfSOK2rY=",
    "last_login": null,
    "is_superuser": false,
    "username": "hamza",
    "first_name": "hamza",
    "last_name": "muhammad",
    "email": "uyaumusa@gmail.com",
    "is_staff": false,
    "is_active": true,
    "date_joined": "2026-03-18T13:52:12.416Z",
    "role": "STUDENT",
    "phone": null,
    "dob": "2026-03-18",
    "gender": "Male",
    "country": "nigeria",
    "timezone": null,
    "preferred_language": "English",
    "admission_number": "HEMI/2026/GEN/3051",
    "is_parent_account": false,
    "is_verified": false,
    "groups": [],
    "user_permissions": []
  }
},
{
  "model": "accounts.user",
  "pk": 49,
  "fields": {
    "password": "pbkdf2_sha256$1200000$fOJdrX5yMZ6zwC9PID9o5F$168MbqyHyqmTnJtgjAKesMmeYLNlWR1xsnNxZJ8jMS0=",
    "last_login": null,
    "is_superuser": false,
    "username": "parent_hamza_32",
    "first_name": "muhammad",
    "last_name": "",
    "email": "uyaumusa@gmail.com",
    "is_staff": false,
    "is_active": true,
    "date_joined": "2026-03-18T13:52:15.735Z",
    "role": "PARENT",
    "phone": null,
    "dob": null,
    "gender": null,
    "country": null,
    "timezone": null,
    "preferred_language": "English",
    "admission_number": null,
    "is_parent_account": true,
    "is_verified": false,
    "groups": [],
    "user_permissions": []
  }
},
{
  "model": "accounts.user",
  "pk": 50,
  "fields": {
    "password": "pbkdf2_sha256$1200000$0EhlvcA12azVXUhi0jhIfr$FYDz3MH2pb4JB4kkDTK+ICdyMygTxvZUhIrIhv5s46Q=",
    "last_login": null,
    "is_superuser": false,
    "username": "USMAN",
    "first_name": "hamza",
    "last_name": "muhammad",
    "email": "uyaumusa@gmail.com",
    "is_staff": false,
    "is_active": true,
    "date_joined": "2026-03-23T13:35:35.928Z",
    "role": "STUDENT",
    "phone": null,
    "dob": "1999-06-18",
    "gender": "Male",
    "country": "",
    "timezone": null,
    "preferred_language": "English",
    "admission_number": "HEMI/2026/GEN/9575",
    "is_parent_account": false,
    "is_verified": false,
    "groups": [],
    "user_permissions": []
  }
},
{
  "model": "accounts.user",
  "pk": 51,
  "fields": {
    "password": "pbkdf2_sha256$1200000$bXpsF68G75kbJUpXxMxIf8$go9uCuOnwPMkOHbp84Mo2WNJpYmb9jrORMXSdOhbJFM=",
    "last_login": null,
    "is_superuser": false,
    "username": "asad",
    "first_name": "hamza",
    "last_name": "muhammad umar",
    "email": "hamzamuhdumar1994@gmail.com",
    "is_staff": false,
    "is_active": true,
    "date_joined": "2026-03-24T17:08:56.415Z",
    "role": "STUDENT",
    "phone": null,
    "dob": "1999-06-16",
    "gender": "Male",
    "country": "saudi",
    "timezone": null,
    "preferred_language": "English",
    "admission_number": "HEMI/2026/GEN/6224",
    "is_parent_account": false,
    "is_verified": false,
    "groups": [],
    "user_permissions": []
  }
},
{
  "model": "accounts.user",
  "pk": 52,
  "fields": {
    "password": "pbkdf2_sha256$1200000$BcH2TDy6Y2IcmZfVYES43k$XcqUj5nYaIvhdzhOC2VZUYRwIPHcn7vZ22ayqRna7Bs=",
    "last_login": null,
    "is_superuser": false,
    "username": "TEST",
    "first_name": "SALIM",
    "last_name": "SHUAIBU",
    "email": "uyaumusa@gmail.com",
    "is_staff": false,
    "is_active": true,
    "date_joined": "2026-03-24T17:34:40.395Z",
    "role": "TUTOR",
    "phone": null,
    "dob": null,
    "gender": "Male",
    "country": "Nigeria",
    "timezone": null,
    "preferred_language": "English",
    "admission_number": null,
    "is_parent_account": false,
    "is_verified": false,
    "groups": [],
    "user_permissions": []
  }
},
{
  "model": "accounts.user",
  "pk": 53,
  "fields": {
    "password": "",
    "last_login": null,
    "is_superuser": false,
    "username": "test_student",
    "first_name": "",
    "last_name": "",
    "email": "student@test.com",
    "is_staff": false,
    "is_active": true,
    "date_joined": "2026-03-25T17:23:59.179Z",
    "role": "STUDENT",
    "phone": null,
    "dob": null,
    "gender": null,
    "country": null,
    "timezone": null,
    "preferred_language": "English",
    "admission_number": null,
    "is_parent_account": false,
    "is_verified": false,
    "groups": [],
    "user_permissions": []
  }
},
{
  "model": "accounts.user",
  "pk": 54,
  "fields": {
    "password": "",
    "last_login": null,
    "is_superuser": false,
    "username": "test_tutor",
    "first_name": "",
    "last_name": "",
    "email": "tutor@test.com",
    "is_staff": false,
    "is_active": true,
    "date_joined": "2026-03-25T17:23:59.326Z",
    "role": "TUTOR",
    "phone": null,
    "dob": null,
    "gender": null,
    "country": null,
    "timezone": null,
    "preferred_language": "English",
    "admission_number": null,
    "is_parent_account": false,
    "is_verified": false,
    "groups": [],
    "user_permissions": []
  }
},
{
  "model": "accounts.user",
  "pk": 55,
  "fields": {
    "password": "pbkdf2_sha256$1200000$BRHIOul6QgUHvtMEjYGGEK$+PjEUCqmcNknTgwzcZjSm7E63cP9DaFiBHpBP9SMXLM=",
    "last_login": null,
    "is_superuser": false,
    "username": "hauwau",
    "first_name": "hauwau",
    "last_name": "hassan",
    "email": "ukashayaumusa14@gmail.com",
    "is_staff": false,
    "is_active": true,
    "date_joined": "2026-03-28T11:04:59.337Z",
    "role": "TUTOR",
    "phone": null,
    "dob": null,
    "gender": "Female",
    "country": "Nigeria",
    "timezone": null,
    "preferred_language": "English",
    "admission_number": null,
    "is_parent_account": false,
    "is_verified": false,
    "groups": [],
    "user_permissions": []
  }
},
{
  "model": "accounts.user",
  "pk": 56,
  "fields": {
    "password": "pbkdf2_sha256$1200000$J4ebWvyXki3AMXoRDzDVek$4KFtN3GeWNicRTfPJw71nHR8RFOTFEZoqh9dWbjPatE=",
    "last_login": null,
    "is_superuser": false,
    "username": "samaila",
    "first_name": "hidayah",
    "last_name": "Yau musa",
    "email": "uyaumusa@gmail.com",
    "is_staff": false,
    "is_active": true,
    "date_joined": "2026-03-28T11:36:25.936Z",
    "role": "STUDENT",
    "phone": null,
    "dob": "2009-04-04",
    "gender": "Male",
    "country": "Nigeria",
    "timezone": null,
    "preferred_language": "English",
    "admission_number": "HEMI/2026/GEN/5578",
    "is_parent_account": false,
    "is_verified": false,
    "groups": [],
    "user_permissions": []
  }
},
{
  "model": "accounts.user",
  "pk": 57,
  "fields": {
    "password": "pbkdf2_sha256$1200000$svOuatNo6jyUmMj1XFoT7s$/JyS6sDW2N5sBrJX0VXw59qInYf42+JM0BDFJnmUIXI=",
    "last_login": null,
    "is_superuser": false,
    "username": "parent_samaila_98",
    "first_name": "samaila1",
    "last_name": "",
    "email": "uyaumusa@gmail.com",
    "is_staff": false,
    "is_active": true,
    "date_joined": "2026-03-28T11:36:28.035Z",
    "role": "PARENT",
    "phone": null,
    "dob": null,
    "gender": null,
    "country": null,
    "timezone": null,
    "preferred_language": "English",
    "admission_number": null,
    "is_parent_account": true,
    "is_verified": false,
    "groups": [],
    "user_permissions": []
  }
},
{
  "model": "accounts.user",
  "pk": 58,
  "fields": {
    "password": "pbkdf2_sha256$1200000$nOxRxHIn2sCEMZ1dsMKNAX$EdBvccYN64iNZq17gQhA58xvqnmVJuWxpVIfZ1XNkak=",
    "last_login": null,
    "is_superuser": false,
    "username": "zinti",
    "first_name": "abdulwahab",
    "last_name": "isah umar",
    "email": "uyaumusa@gmail.com",
    "is_staff": false,
    "is_active": true,
    "date_joined": "2026-04-01T01:24:55.933Z",
    "role": "STUDENT",
    "phone": null,
    "dob": "2006-06-07",
    "gender": "Male",
    "country": "Nigeria",
    "timezone": null,
    "preferred_language": "English",
    "admission_number": "HEMI/2026/GEN/6511",
    "is_parent_account": false,
    "is_verified": false,
    "groups": [],
    "user_permissions": []
  }
},
{
  "model": "accounts.user",
  "pk": 59,
  "fields": {
    "password": "pbkdf2_sha256$1200000$uyzDEGuX0OpiHzUGwhNylf$zUEfJopxpTg8Mo4ZE1xBWuoSBbRcX3/8EKRKhfv0AAM=",
    "last_login": null,
    "is_superuser": false,
    "username": "ukash",
    "first_name": "abdulwahab",
    "last_name": "isah umar",
    "email": "uyaumusa@gmail.com",
    "is_staff": false,
    "is_active": true,
    "date_joined": "2026-04-01T01:58:18.645Z",
    "role": "STUDENT",
    "phone": null,
    "dob": "2005-11-24",
    "gender": "Male",
    "country": "Nigeria",
    "timezone": null,
    "preferred_language": "English",
    "admission_number": "HEMI/2026/GEN/5318",
    "is_parent_account": false,
    "is_verified": false,
    "groups": [],
    "user_permissions": []
  }
},
{
  "model": "accounts.notification",
  "pk": 1,
  "fields": {
    "user": 38,
    "title": "Complaint Filed",
    "message": "Your complaint regarding mathematics  has been filed successfully.",
    "is_read": false,
    "created_at": "2026-03-18T11:10:00.470Z"
  }
},
{
  "model": "accounts.notification",
  "pk": 2,
  "fields": {
    "user": 46,
    "title": "Complaint Filed",
    "message": "Your complaint regarding absent has been filed successfully.",
    "is_read": false,
    "created_at": "2026-03-18T11:18:00.182Z"
  }
},
{
  "model": "accounts.notification",
  "pk": 3,
  "fields": {
    "user": 38,
    "title": "Complaint Resolved",
    "message": "Your complaint regarding mathematics  has been resolved. Response: noted...",
    "is_read": false,
    "created_at": "2026-03-18T11:48:58.816Z"
  }
},
{
  "model": "curriculum.learningmaterial",
  "pk": 1,
  "fields": {
    "tutor": 28,
    "title": "Introduction to Quranic Arabic",
    "description": null,
    "material_type": "VIDEO",
    "file": "",
    "external_url": "https://www.youtube.com/watch?v=dQw4w9WgXcQ",
    "thumbnail": "",
    "is_public": true,
    "created_at": "2026-02-06T20:08:06.702Z",
    "updated_at": "2026-03-30T12:04:53.636Z",
    "assigned_students": []
  }
},
{
  "model": "curriculum.learningmaterial",
  "pk": 2,
  "fields": {
    "tutor": 38,
    "title": "tajaweed",
    "description": "assalat",
    "material_type": "VIDEO",
    "file": "learning_materials/HTML__CSS_Crash_Course_Tutorial_7_-_Chrome_Dev_Tools1080p.mp4",
    "external_url": null,
    "thumbnail": "",
    "is_public": true,
    "created_at": "2026-02-07T17:19:15.793Z",
    "updated_at": "2026-03-30T12:04:52.325Z",
    "assigned_students": []
  }
},
{
  "model": "curriculum.learningmaterial",
  "pk": 3,
  "fields": {
    "tutor": 38,
    "title": "tajweed",
    "description": "hadith",
    "material_type": "PDF",
    "file": "learning_materials/001.pdf",
    "external_url": null,
    "thumbnail": "",
    "is_public": true,
    "created_at": "2026-02-07T17:23:31.052Z",
    "updated_at": "2026-03-30T12:04:47.603Z",
    "assigned_students": []
  }
},
{
  "model": "curriculum.learningmaterial",
  "pk": 4,
  "fields": {
    "tutor": 44,
    "title": "hhhhh",
    "description": "jki",
    "material_type": "PDF",
    "file": "learning_materials/ABDULWAHEED_MUNIRAT_CV.docx",
    "external_url": null,
    "thumbnail": "",
    "is_public": true,
    "created_at": "2026-03-27T01:02:37.362Z",
    "updated_at": "2026-03-27T01:05:31.132Z",
    "assigned_students": [
      8,
      16
    ]
  }
},
{
  "model": "curriculum.learningmaterial",
  "pk": 5,
  "fields": {
    "tutor": 38,
    "title": "tajweed",
    "description": "",
    "material_type": "PDF",
    "file": "learning_materials/ABDULWAHEED_MUNIRAT_CV_Y0vunbB.docx",
    "external_url": null,
    "thumbnail": "",
    "is_public": true,
    "created_at": "2026-03-29T17:32:54.024Z",
    "updated_at": "2026-03-30T12:04:45.493Z",
    "assigned_students": []
  }
},
{
  "model": "curriculum.learningmaterial",
  "pk": 6,
  "fields": {
    "tutor": 44,
    "title": "u",
    "description": "uo",
    "material_type": "PDF",
    "file": "learning_materials/IMG_20251224_163914_021.jpg",
    "external_url": null,
    "thumbnail": "",
    "is_public": false,
    "created_at": "2026-03-30T12:06:20.175Z",
    "updated_at": "2026-03-30T12:06:20.175Z",
    "assigned_students": []
  }
},
{
  "model": "payments.pricingtier",
  "pk": 1,
  "fields": {
    "class_type": "ONE_ON_ONE",
    "hourly_rate": "3000.00",
    "description": "One-on-One personalized classes",
    "is_active": true,
    "created_at": "2026-01-19T19:26:53.847Z",
    "updated_at": "2026-01-19T19:26:53.847Z"
  }
},
{
  "model": "payments.pricingtier",
  "pk": 2,
  "fields": {
    "class_type": "GROUP",
    "hourly_rate": "2000.00",
    "description": "Group classes",
    "is_active": true,
    "created_at": "2026-01-19T19:26:54.107Z",
    "updated_at": "2026-01-19T19:26:54.107Z"
  }
},
{
  "model": "payments.payment",
  "pk": 1,
  "fields": {
    "student": 8,
    "amount": "0.00",
    "status": "PENDING",
    "payment_method": "PAYSTACK",
    "transaction_id": null,
    "gateway_reference": null,
    "payment_metadata": {},
    "created_at": "2026-01-19T20:37:22.426Z",
    "updated_at": "2026-01-19T20:37:22.426Z",
    "completed_at": null
  }
},
{
  "model": "payments.payment",
  "pk": 2,
  "fields": {
    "student": 14,
    "amount": "56000.00",
    "status": "COMPLETED",
    "payment_method": "PAYSTACK",
    "transaction_id": "HEMI-3FA5C01C",
    "gateway_reference": "mock_trans_HEMI-3FA5C01C",
    "payment_metadata": {},
    "created_at": "2026-01-20T07:59:01.596Z",
    "updated_at": "2026-01-20T09:57:03.279Z",
    "completed_at": "2026-01-20T09:57:03.279Z"
  }
},
{
  "model": "payments.payment",
  "pk": 3,
  "fields": {
    "student": 16,
    "amount": "92000.00",
    "status": "COMPLETED",
    "payment_method": "PAYSTACK",
    "transaction_id": "HEMI-EFF46109",
    "gateway_reference": "5787081463",
    "payment_metadata": {},
    "created_at": "2026-01-21T15:56:16.400Z",
    "updated_at": "2026-01-29T20:26:30.151Z",
    "completed_at": "2026-01-29T20:26:30.151Z"
  }
},
{
  "model": "payments.payment",
  "pk": 4,
  "fields": {
    "student": 25,
    "amount": "36000.00",
    "status": "PENDING",
    "payment_method": "PAYSTACK",
    "transaction_id": "HEMI-B67F8E11",
    "gateway_reference": null,
    "payment_metadata": {},
    "created_at": "2026-01-29T14:01:21.068Z",
    "updated_at": "2026-01-29T14:02:04.604Z",
    "completed_at": null
  }
},
{
  "model": "payments.payment",
  "pk": 5,
  "fields": {
    "student": 8,
    "amount": "56000.00",
    "status": "COMPLETED",
    "payment_method": "PAYSTACK",
    "transaction_id": "TOPUP-FFC9CF06",
    "gateway_reference": "5804206903",
    "payment_metadata": {},
    "created_at": "2026-02-03T20:20:26.175Z",
    "updated_at": "2026-02-03T20:21:16.224Z",
    "completed_at": "2026-02-03T20:21:16.224Z"
  }
},
{
  "model": "payments.payment",
  "pk": 6,
  "fields": {
    "student": 34,
    "amount": "12000.00",
    "status": "COMPLETED",
    "payment_method": "PAYSTACK",
    "transaction_id": "HEMI-96DB7C7D",
    "gateway_reference": "mock_trans_HEMI-96DB7C7D",
    "payment_metadata": {},
    "created_at": "2026-02-06T20:56:32.909Z",
    "updated_at": "2026-03-24T16:20:49.055Z",
    "completed_at": "2026-03-24T16:20:49.055Z"
  }
},
{
  "model": "payments.payment",
  "pk": 7,
  "fields": {
    "student": 36,
    "amount": "144000.00",
    "status": "COMPLETED",
    "payment_method": "PAYSTACK",
    "transaction_id": "HEMI-D39A8271",
    "gateway_reference": "5814255984",
    "payment_metadata": {},
    "created_at": "2026-02-06T22:37:54.846Z",
    "updated_at": "2026-02-06T22:38:24.180Z",
    "completed_at": "2026-02-06T22:38:24.180Z"
  }
},
{
  "model": "payments.payment",
  "pk": 8,
  "fields": {
    "student": 2,
    "amount": "56000.00",
    "status": "PENDING",
    "payment_method": "PAYSTACK",
    "transaction_id": null,
    "gateway_reference": "e0wxj0oyw694hhk",
    "payment_metadata": {},
    "created_at": "2026-02-22T14:00:11.800Z",
    "updated_at": "2026-02-22T14:01:00.966Z",
    "completed_at": null
  }
},
{
  "model": "payments.payment",
  "pk": 9,
  "fields": {
    "student": 46,
    "amount": "108000.00",
    "status": "COMPLETED",
    "payment_method": "PAYSTACK",
    "transaction_id": "HEMI-FC1D97F5",
    "gateway_reference": "5890812604",
    "payment_metadata": {},
    "created_at": "2026-03-01T17:07:09.495Z",
    "updated_at": "2026-03-01T17:07:50.889Z",
    "completed_at": "2026-03-01T17:07:50.889Z"
  }
},
{
  "model": "payments.payment",
  "pk": 10,
  "fields": {
    "student": 16,
    "amount": "5000.00",
    "status": "PENDING",
    "payment_method": "PAYSTACK",
    "transaction_id": "TOPUP-FA254AEA",
    "gateway_reference": null,
    "payment_metadata": {},
    "created_at": "2026-03-15T15:20:18.468Z",
    "updated_at": "2026-03-15T15:20:18.468Z",
    "completed_at": null
  }
},
{
  "model": "payments.payment",
  "pk": 11,
  "fields": {
    "student": 46,
    "amount": "50000.00",
    "status": "PENDING",
    "payment_method": "PAYSTACK",
    "transaction_id": "TOPUP-2095E606",
    "gateway_reference": null,
    "payment_metadata": {},
    "created_at": "2026-03-17T14:20:44.944Z",
    "updated_at": "2026-03-17T14:20:44.944Z",
    "completed_at": null
  }
},
{
  "model": "payments.payment",
  "pk": 12,
  "fields": {
    "student": 16,
    "amount": "5000.00",
    "status": "PENDING",
    "payment_method": "PAYSTACK",
    "transaction_id": "TOPUP-8322016C",
    "gateway_reference": null,
    "payment_metadata": {},
    "created_at": "2026-03-18T11:00:28.788Z",
    "updated_at": "2026-03-18T11:00:28.788Z",
    "completed_at": null
  }
},
{
  "model": "payments.payment",
  "pk": 13,
  "fields": {
    "student": 46,
    "amount": "5000.00",
    "status": "PENDING",
    "payment_method": "PAYSTACK",
    "transaction_id": "TOPUP-FEE7A405",
    "gateway_reference": null,
    "payment_metadata": {},
    "created_at": "2026-03-18T11:18:24.105Z",
    "updated_at": "2026-03-18T11:18:24.106Z",
    "completed_at": null
  }
},
{
  "model": "payments.payment",
  "pk": 14,
  "fields": {
    "student": 48,
    "amount": "0.00",
    "status": "PENDING",
    "payment_method": "PAYSTACK",
    "transaction_id": "HEMI-405A3DDA",
    "gateway_reference": null,
    "payment_metadata": {},
    "created_at": "2026-03-18T13:53:22.809Z",
    "updated_at": "2026-03-23T14:36:38.280Z",
    "completed_at": null
  }
},
{
  "model": "payments.payment",
  "pk": 15,
  "fields": {
    "student": 50,
    "amount": "36000.00",
    "status": "PENDING",
    "payment_method": "PAYSTACK",
    "transaction_id": "HEMI-0666C845",
    "gateway_reference": null,
    "payment_metadata": {},
    "created_at": "2026-03-23T13:46:48.776Z",
    "updated_at": "2026-03-23T14:21:49.495Z",
    "completed_at": null
  }
},
{
  "model": "payments.payment",
  "pk": 16,
  "fields": {
    "student": 16,
    "amount": "2000.00",
    "status": "PENDING",
    "payment_method": "PAYSTACK",
    "transaction_id": "TOPUP-3E21FEC7",
    "gateway_reference": null,
    "payment_metadata": {},
    "created_at": "2026-03-23T19:38:40.631Z",
    "updated_at": "2026-03-23T19:38:40.631Z",
    "completed_at": null
  }
},
{
  "model": "payments.payment",
  "pk": 17,
  "fields": {
    "student": 16,
    "amount": "5000.00",
    "status": "COMPLETED",
    "payment_method": "PAYSTACK",
    "transaction_id": "TOPUP-1F753524",
    "gateway_reference": "mock_trans_TOPUP-1F753524",
    "payment_metadata": {},
    "created_at": "2026-03-23T19:56:40.304Z",
    "updated_at": "2026-03-23T19:56:48.602Z",
    "completed_at": "2026-03-23T19:56:48.602Z"
  }
},
{
  "model": "payments.payment",
  "pk": 18,
  "fields": {
    "student": 16,
    "amount": "3000.00",
    "status": "COMPLETED",
    "payment_method": "PAYSTACK",
    "transaction_id": "TOPUP-7FBCE82B",
    "gateway_reference": "mock_trans_TOPUP-7FBCE82B",
    "payment_metadata": {},
    "created_at": "2026-03-23T19:57:17.386Z",
    "updated_at": "2026-03-23T19:57:23.256Z",
    "completed_at": "2026-03-23T19:57:23.256Z"
  }
},
{
  "model": "payments.payment",
  "pk": 19,
  "fields": {
    "student": 16,
    "amount": "20000.00",
    "status": "COMPLETED",
    "payment_method": "PAYSTACK",
    "transaction_id": "TOPUP-5AC3DF29",
    "gateway_reference": "mock_trans_TOPUP-5AC3DF29",
    "payment_metadata": {},
    "created_at": "2026-03-23T19:58:02.088Z",
    "updated_at": "2026-03-23T19:58:07.989Z",
    "completed_at": "2026-03-23T19:58:07.989Z"
  }
},
{
  "model": "payments.payment",
  "pk": 20,
  "fields": {
    "student": 16,
    "amount": "28000.00",
    "status": "COMPLETED",
    "payment_method": "PAYSTACK",
    "transaction_id": "TOPUP-3462E17C",
    "gateway_reference": "mock_trans_TOPUP-3462E17C",
    "payment_metadata": {},
    "created_at": "2026-03-23T20:03:00.772Z",
    "updated_at": "2026-03-23T20:03:04.598Z",
    "completed_at": "2026-03-23T20:03:04.598Z"
  }
},
{
  "model": "payments.payment",
  "pk": 21,
  "fields": {
    "student": 51,
    "amount": "5000.00",
    "status": "COMPLETED",
    "payment_method": "PAYSTACK",
    "transaction_id": "HEMI-5CA6C598",
    "gateway_reference": "mock_trans_HEMI-5CA6C598",
    "payment_metadata": {},
    "created_at": "2026-03-24T17:20:08.797Z",
    "updated_at": "2026-03-24T17:24:07.218Z",
    "completed_at": "2026-03-24T17:24:07.218Z"
  }
},
{
  "model": "payments.payment",
  "pk": 22,
  "fields": {
    "student": 16,
    "amount": "5000.00",
    "status": "PENDING",
    "payment_method": "PAYSTACK",
    "transaction_id": "TOPUP-7A8BCA47",
    "gateway_reference": "mock_access_code_TOPUP-7A8BCA47",
    "payment_metadata": {},
    "created_at": "2026-03-27T23:43:42.184Z",
    "updated_at": "2026-03-27T23:43:42.435Z",
    "completed_at": null
  }
},
{
  "model": "payments.payment",
  "pk": 23,
  "fields": {
    "student": 16,
    "amount": "10000.00",
    "status": "PENDING",
    "payment_method": "PAYSTACK",
    "transaction_id": "TOPUP-2F1C65EE",
    "gateway_reference": "mock_access_code_TOPUP-2F1C65EE",
    "payment_metadata": {},
    "created_at": "2026-03-27T23:44:11.145Z",
    "updated_at": "2026-03-27T23:44:11.286Z",
    "completed_at": null
  }
},
{
  "model": "payments.payment",
  "pk": 24,
  "fields": {
    "student": 16,
    "amount": "5000.00",
    "status": "PENDING",
    "payment_method": "PAYSTACK",
    "transaction_id": "TOPUP-E629330E",
    "gateway_reference": "mock_access_code_TOPUP-E629330E",
    "payment_metadata": {},
    "created_at": "2026-03-27T23:45:40.189Z",
    "updated_at": "2026-03-27T23:45:40.412Z",
    "completed_at": null
  }
},
{
  "model": "payments.payment",
  "pk": 25,
  "fields": {
    "student": 16,
    "amount": "5000.00",
    "status": "PENDING",
    "payment_method": "PAYSTACK",
    "transaction_id": "TOPUP-47DBE824",
    "gateway_reference": "mock_access_code_TOPUP-47DBE824",
    "payment_metadata": {},
    "created_at": "2026-03-27T23:47:10.572Z",
    "updated_at": "2026-03-27T23:47:10.796Z",
    "completed_at": null
  }
},
{
  "model": "payments.payment",
  "pk": 26,
  "fields": {
    "student": 16,
    "amount": "10000.00",
    "status": "PENDING",
    "payment_method": "PAYSTACK",
    "transaction_id": "TOPUP-028C21A4",
    "gateway_reference": "mock_access_code_TOPUP-028C21A4",
    "payment_metadata": {},
    "created_at": "2026-03-27T23:47:43.771Z",
    "updated_at": "2026-03-27T23:47:43.931Z",
    "completed_at": null
  }
},
{
  "model": "payments.payment",
  "pk": 27,
  "fields": {
    "student": 16,
    "amount": "5000.00",
    "status": "PENDING",
    "payment_method": "PAYSTACK",
    "transaction_id": "TOPUP-FFCA8191",
    "gateway_reference": "mock_access_code_TOPUP-FFCA8191",
    "payment_metadata": {},
    "created_at": "2026-03-27T23:49:41.362Z",
    "updated_at": "2026-03-27T23:49:41.616Z",
    "completed_at": null
  }
},
{
  "model": "payments.payment",
  "pk": 28,
  "fields": {
    "student": 56,
    "amount": "10000.00",
    "status": "COMPLETED",
    "payment_method": "PAYSTACK",
    "transaction_id": "HEMI-92F53A11",
    "gateway_reference": "mock_trans_HEMI-92F53A11",
    "payment_metadata": {},
    "created_at": "2026-03-28T11:56:20.069Z",
    "updated_at": "2026-03-28T11:56:27.524Z",
    "completed_at": "2026-03-28T11:56:27.524Z"
  }
},
{
  "model": "payments.payment",
  "pk": 29,
  "fields": {
    "student": 56,
    "amount": "5000.00",
    "status": "COMPLETED",
    "payment_method": "PAYSTACK",
    "transaction_id": "TOPUP-FCE54632",
    "gateway_reference": "mock_trans_TOPUP-FCE54632",
    "payment_metadata": {},
    "created_at": "2026-03-28T13:14:13.883Z",
    "updated_at": "2026-03-28T13:14:37.265Z",
    "completed_at": "2026-03-28T13:14:37.265Z"
  }
},
{
  "model": "payments.payment",
  "pk": 30,
  "fields": {
    "student": 16,
    "amount": "5000.00",
    "status": "COMPLETED",
    "payment_method": "PAYSTACK",
    "transaction_id": "TOPUP-A5ADF33C",
    "gateway_reference": "mock_trans_TOPUP-A5ADF33C",
    "payment_metadata": {},
    "created_at": "2026-03-29T16:58:15.372Z",
    "updated_at": "2026-03-29T16:58:25.090Z",
    "completed_at": "2026-03-29T16:58:25.090Z"
  }
},
{
  "model": "payments.payment",
  "pk": 31,
  "fields": {
    "student": 16,
    "amount": "25000.00",
    "status": "COMPLETED",
    "payment_method": "PAYSTACK",
    "transaction_id": "TOPUP-62830304",
    "gateway_reference": "mock_trans_TOPUP-62830304",
    "payment_metadata": {},
    "created_at": "2026-03-29T16:58:50.874Z",
    "updated_at": "2026-03-29T16:58:55.467Z",
    "completed_at": "2026-03-29T16:58:55.467Z"
  }
},
{
  "model": "payments.payment",
  "pk": 32,
  "fields": {
    "student": 16,
    "amount": "50000.00",
    "status": "COMPLETED",
    "payment_method": "PAYSTACK",
    "transaction_id": "TOPUP-6F7DFCAF",
    "gateway_reference": "mock_trans_TOPUP-6F7DFCAF",
    "payment_metadata": {},
    "created_at": "2026-03-29T16:59:14.331Z",
    "updated_at": "2026-03-29T16:59:18.717Z",
    "completed_at": "2026-03-29T16:59:18.716Z"
  }
},
{
  "model": "payments.payment",
  "pk": 33,
  "fields": {
    "student": 16,
    "amount": "10000.00",
    "status": "COMPLETED",
    "payment_method": "PAYSTACK",
    "transaction_id": "TOPUP-140DD151",
    "gateway_reference": "mock_trans_TOPUP-140DD151",
    "payment_metadata": {},
    "created_at": "2026-03-29T16:59:50.380Z",
    "updated_at": "2026-03-29T16:59:55.693Z",
    "completed_at": "2026-03-29T16:59:55.693Z"
  }
},
{
  "model": "payments.payment",
  "pk": 34,
  "fields": {
    "student": 16,
    "amount": "10000.00",
    "status": "COMPLETED",
    "payment_method": "PAYSTACK",
    "transaction_id": "TOPUP-FA16FA74",
    "gateway_reference": "mock_trans_TOPUP-FA16FA74",
    "payment_metadata": {},
    "created_at": "2026-03-29T17:00:18.794Z",
    "updated_at": "2026-03-29T17:00:23.408Z",
    "completed_at": "2026-03-29T17:00:23.408Z"
  }
},
{
  "model": "payments.payment",
  "pk": 35,
  "fields": {
    "student": 34,
    "amount": "5000.00",
    "status": "COMPLETED",
    "payment_method": "PAYSTACK",
    "transaction_id": "TOPUP-ED9B8801",
    "gateway_reference": "mock_trans_TOPUP-ED9B8801",
    "payment_metadata": {},
    "created_at": "2026-03-31T11:55:00.090Z",
    "updated_at": "2026-03-31T11:55:11.700Z",
    "completed_at": "2026-03-31T11:55:11.700Z"
  }
},
{
  "model": "payments.payment",
  "pk": 36,
  "fields": {
    "student": 16,
    "amount": "5000.00",
    "status": "COMPLETED",
    "payment_method": "PAYSTACK",
    "transaction_id": "TOPUP-0C9D3299",
    "gateway_reference": "mock_trans_TOPUP-0C9D3299",
    "payment_metadata": {},
    "created_at": "2026-03-31T12:00:01.839Z",
    "updated_at": "2026-03-31T12:00:03.651Z",
    "completed_at": "2026-03-31T12:00:03.648Z"
  }
},
{
  "model": "payments.wallet",
  "pk": 1,
  "fields": {
    "user": 44,
    "balance": "14400.00"
  }
},
{
  "model": "payments.wallet",
  "pk": 2,
  "fields": {
    "user": 1,
    "balance": "0.00"
  }
},
{
  "model": "payments.wallet",
  "pk": 3,
  "fields": {
    "user": 2,
    "balance": "0.00"
  }
},
{
  "model": "payments.wallet",
  "pk": 4,
  "fields": {
    "user": 3,
    "balance": "0.00"
  }
},
{
  "model": "payments.wallet",
  "pk": 5,
  "fields": {
    "user": 4,
    "balance": "0.00"
  }
},
{
  "model": "payments.wallet",
  "pk": 6,
  "fields": {
    "user": 5,
    "balance": "0.00"
  }
},
{
  "model": "payments.wallet",
  "pk": 7,
  "fields": {
    "user": 6,
    "balance": "0.00"
  }
},
{
  "model": "payments.wallet",
  "pk": 8,
  "fields": {
    "user": 7,
    "balance": "0.00"
  }
},
{
  "model": "payments.wallet",
  "pk": 9,
  "fields": {
    "user": 8,
    "balance": "258511.00"
  }
},
{
  "model": "payments.wallet",
  "pk": 10,
  "fields": {
    "user": 9,
    "balance": "0.00"
  }
},
{
  "model": "payments.wallet",
  "pk": 11,
  "fields": {
    "user": 10,
    "balance": "0.00"
  }
},
{
  "model": "payments.wallet",
  "pk": 12,
  "fields": {
    "user": 11,
    "balance": "0.00"
  }
},
{
  "model": "payments.wallet",
  "pk": 13,
  "fields": {
    "user": 12,
    "balance": "0.00"
  }
},
{
  "model": "payments.wallet",
  "pk": 14,
  "fields": {
    "user": 13,
    "balance": "0.00"
  }
},
{
  "model": "payments.wallet",
  "pk": 15,
  "fields": {
    "user": 14,
    "balance": "0.00"
  }
},
{
  "model": "payments.wallet",
  "pk": 16,
  "fields": {
    "user": 15,
    "balance": "0.00"
  }
},
{
  "model": "payments.wallet",
  "pk": 17,
  "fields": {
    "user": 16,
    "balance": "489060.00"
  }
},
{
  "model": "payments.wallet",
  "pk": 18,
  "fields": {
    "user": 17,
    "balance": "5000.00"
  }
},
{
  "model": "payments.wallet",
  "pk": 19,
  "fields": {
    "user": 18,
    "balance": "0.00"
  }
},
{
  "model": "payments.wallet",
  "pk": 20,
  "fields": {
    "user": 24,
    "balance": "0.00"
  }
},
{
  "model": "payments.wallet",
  "pk": 21,
  "fields": {
    "user": 25,
    "balance": "0.00"
  }
},
{
  "model": "payments.wallet",
  "pk": 22,
  "fields": {
    "user": 27,
    "balance": "0.00"
  }
},
{
  "model": "payments.wallet",
  "pk": 23,
  "fields": {
    "user": 28,
    "balance": "0.00"
  }
},
{
  "model": "payments.wallet",
  "pk": 24,
  "fields": {
    "user": 29,
    "balance": "0.00"
  }
},
{
  "model": "payments.wallet",
  "pk": 25,
  "fields": {
    "user": 30,
    "balance": "0.00"
  }
},
{
  "model": "payments.wallet",
  "pk": 26,
  "fields": {
    "user": 31,
    "balance": "0.00"
  }
},
{
  "model": "payments.wallet",
  "pk": 27,
  "fields": {
    "user": 32,
    "balance": "0.00"
  }
},
{
  "model": "payments.wallet",
  "pk": 28,
  "fields": {
    "user": 33,
    "balance": "19200.00"
  }
},
{
  "model": "payments.wallet",
  "pk": 29,
  "fields": {
    "user": 34,
    "balance": "24000.00"
  }
},
{
  "model": "payments.wallet",
  "pk": 30,
  "fields": {
    "user": 35,
    "balance": "0.00"
  }
},
{
  "model": "payments.wallet",
  "pk": 31,
  "fields": {
    "user": 36,
    "balance": "296554.00"
  }
},
{
  "model": "payments.wallet",
  "pk": 32,
  "fields": {
    "user": 37,
    "balance": "0.00"
  }
},
{
  "model": "payments.wallet",
  "pk": 33,
  "fields": {
    "user": 38,
    "balance": "0.00"
  }
},
{
  "model": "payments.wallet",
  "pk": 34,
  "fields": {
    "user": 39,
    "balance": "0.00"
  }
},
{
  "model": "payments.wallet",
  "pk": 35,
  "fields": {
    "user": 40,
    "balance": "0.00"
  }
},
{
  "model": "payments.wallet",
  "pk": 36,
  "fields": {
    "user": 41,
    "balance": "0.00"
  }
},
{
  "model": "payments.wallet",
  "pk": 37,
  "fields": {
    "user": 42,
    "balance": "0.00"
  }
},
{
  "model": "payments.wallet",
  "pk": 38,
  "fields": {
    "user": 43,
    "balance": "0.00"
  }
},
{
  "model": "payments.wallet",
  "pk": 39,
  "fields": {
    "user": 45,
    "balance": "0.00"
  }
},
{
  "model": "payments.wallet",
  "pk": 40,
  "fields": {
    "user": 46,
    "balance": "212000.00"
  }
},
{
  "model": "payments.wallet",
  "pk": 41,
  "fields": {
    "user": 47,
    "balance": "0.00"
  }
},
{
  "model": "payments.wallet",
  "pk": 42,
  "fields": {
    "user": 48,
    "balance": "0.00"
  }
},
{
  "model": "payments.wallet",
  "pk": 43,
  "fields": {
    "user": 49,
    "balance": "0.00"
  }
},
{
  "model": "payments.wallet",
  "pk": 44,
  "fields": {
    "user": 50,
    "balance": "0.00"
  }
},
{
  "model": "payments.wallet",
  "pk": 45,
  "fields": {
    "user": 51,
    "balance": "20000.00"
  }
},
{
  "model": "payments.wallet",
  "pk": 46,
  "fields": {
    "user": 52,
    "balance": "0.00"
  }
},
{
  "model": "payments.wallet",
  "pk": 47,
  "fields": {
    "user": 53,
    "balance": "0.00"
  }
},
{
  "model": "payments.wallet",
  "pk": 48,
  "fields": {
    "user": 54,
    "balance": "0.00"
  }
},
{
  "model": "payments.wallet",
  "pk": 49,
  "fields": {
    "user": 55,
    "balance": "0.00"
  }
},
{
  "model": "payments.wallet",
  "pk": 50,
  "fields": {
    "user": 56,
    "balance": "30000.00"
  }
},
{
  "model": "payments.wallet",
  "pk": 51,
  "fields": {
    "user": 57,
    "balance": "0.00"
  }
},
{
  "model": "payments.wallet",
  "pk": 52,
  "fields": {
    "user": 58,
    "balance": "0.00"
  }
},
{
  "model": "payments.wallet",
  "pk": 53,
  "fields": {
    "user": 59,
    "balance": "0.00"
  }
},
{
  "model": "payments.transaction",
  "pk": 1,
  "fields": {
    "user": 17,
    "amount": "5000.00",
    "transaction_type": "DEPOSIT",
    "description": "[MIGRATED] ADMIN: Test Deposit",
    "reference": "MIG-S-1",
    "created_at": "2026-03-29T16:40:34.432Z"
  }
},
{
  "model": "payments.transaction",
  "pk": 2,
  "fields": {
    "user": 17,
    "amount": "5000.00",
    "transaction_type": "DEPOSIT",
    "description": "[MIGRATED] ADMIN: Test Deposit",
    "reference": "MIG-S-2",
    "created_at": "2026-03-29T16:40:34.438Z"
  }
},
{
  "model": "payments.transaction",
  "pk": 3,
  "fields": {
    "user": 16,
    "amount": "92000.00",
    "transaction_type": "DEPOSIT",
    "description": "[MIGRATED] Payment Deposit",
    "reference": "MIG-S-3",
    "created_at": "2026-03-29T16:40:34.444Z"
  }
},
{
  "model": "payments.transaction",
  "pk": 4,
  "fields": {
    "user": 16,
    "amount": "92000.00",
    "transaction_type": "DEPOSIT",
    "description": "[MIGRATED] Payment Deposit",
    "reference": "MIG-S-4",
    "created_at": "2026-03-29T16:40:34.450Z"
  }
},
{
  "model": "payments.transaction",
  "pk": 5,
  "fields": {
    "user": 16,
    "amount": "92000.00",
    "transaction_type": "DEPOSIT",
    "description": "[MIGRATED] Payment Deposit",
    "reference": "MIG-S-5",
    "created_at": "2026-03-29T16:40:34.456Z"
  }
},
{
  "model": "payments.transaction",
  "pk": 6,
  "fields": {
    "user": 8,
    "amount": "56000.00",
    "transaction_type": "DEPOSIT",
    "description": "[MIGRATED] Payment Deposit",
    "reference": "MIG-S-6",
    "created_at": "2026-03-29T16:40:34.461Z"
  }
},
{
  "model": "payments.transaction",
  "pk": 7,
  "fields": {
    "user": 8,
    "amount": "56000.00",
    "transaction_type": "DEPOSIT",
    "description": "[MIGRATED] Payment Deposit",
    "reference": "MIG-S-7",
    "created_at": "2026-03-29T16:40:34.466Z"
  }
},
{
  "model": "payments.transaction",
  "pk": 8,
  "fields": {
    "user": 36,
    "amount": "144000.00",
    "transaction_type": "DEPOSIT",
    "description": "[MIGRATED] Payment Deposit",
    "reference": "MIG-S-8",
    "created_at": "2026-03-29T16:40:34.471Z"
  }
},
{
  "model": "payments.transaction",
  "pk": 9,
  "fields": {
    "user": 36,
    "amount": "144000.00",
    "transaction_type": "DEPOSIT",
    "description": "[MIGRATED] Payment Deposit",
    "reference": "MIG-S-9",
    "created_at": "2026-03-29T16:40:34.477Z"
  }
},
{
  "model": "payments.transaction",
  "pk": 10,
  "fields": {
    "user": 8,
    "amount": "112000.00",
    "transaction_type": "DEPOSIT",
    "description": "[MIGRATED] ADMIN: Bank Transfer",
    "reference": "MIG-S-10",
    "created_at": "2026-03-29T16:40:34.482Z"
  }
},
{
  "model": "payments.transaction",
  "pk": 11,
  "fields": {
    "user": 8,
    "amount": "10000.00",
    "transaction_type": "SESSION_DEBIT",
    "description": "[MIGRATED] ADMIN: Bank Transfer",
    "reference": "MIG-S-11",
    "created_at": "2026-03-29T16:40:34.489Z"
  }
},
{
  "model": "payments.transaction",
  "pk": 12,
  "fields": {
    "user": 46,
    "amount": "108000.00",
    "transaction_type": "DEPOSIT",
    "description": "[MIGRATED] Payment Deposit",
    "reference": "MIG-S-12",
    "created_at": "2026-03-29T16:40:34.495Z"
  }
},
{
  "model": "payments.transaction",
  "pk": 13,
  "fields": {
    "user": 46,
    "amount": "108000.00",
    "transaction_type": "DEPOSIT",
    "description": "[MIGRATED] Payment Deposit",
    "reference": "MIG-S-13",
    "created_at": "2026-03-29T16:40:34.506Z"
  }
},
{
  "model": "payments.transaction",
  "pk": 14,
  "fields": {
    "user": 16,
    "amount": "60.00",
    "transaction_type": "DEPOSIT",
    "description": "[MIGRATED] ADMIN: Bank Transfer",
    "reference": "MIG-S-14",
    "created_at": "2026-03-29T16:40:34.514Z"
  }
},
{
  "model": "payments.transaction",
  "pk": 15,
  "fields": {
    "user": 8,
    "amount": "44511.00",
    "transaction_type": "DEPOSIT",
    "description": "[MIGRATED] ADMIN: Bank Transfer",
    "reference": "MIG-S-15",
    "created_at": "2026-03-29T16:40:34.520Z"
  }
},
{
  "model": "payments.transaction",
  "pk": 16,
  "fields": {
    "user": 36,
    "amount": "8554.00",
    "transaction_type": "DEPOSIT",
    "description": "[MIGRATED] ADMIN: Bank Transfer",
    "reference": "MIG-S-16",
    "created_at": "2026-03-29T16:40:34.527Z"
  }
},
{
  "model": "payments.transaction",
  "pk": 17,
  "fields": {
    "user": 46,
    "amount": "2000.00",
    "transaction_type": "SESSION_DEBIT",
    "description": "[MIGRATED] Class Session (40 mins) - Tajweed",
    "reference": "MIG-S-17",
    "created_at": "2026-03-29T16:40:34.533Z"
  }
},
{
  "model": "payments.transaction",
  "pk": 18,
  "fields": {
    "user": 46,
    "amount": "2000.00",
    "transaction_type": "SESSION_DEBIT",
    "description": "[MIGRATED] Class Session (40 mins) - Quranic Recitation",
    "reference": "MIG-S-18",
    "created_at": "2026-03-29T16:40:34.539Z"
  }
},
{
  "model": "payments.transaction",
  "pk": 19,
  "fields": {
    "user": 16,
    "amount": "2000.00",
    "transaction_type": "SESSION_DEBIT",
    "description": "[MIGRATED] Class Session (40 mins) - Quranic Recitation",
    "reference": "MIG-S-19",
    "created_at": "2026-03-29T16:40:34.546Z"
  }
},
{
  "model": "payments.transaction",
  "pk": 20,
  "fields": {
    "user": 16,
    "amount": "0.00",
    "transaction_type": "DEPOSIT",
    "description": "[MIGRATED] Payment Deposit",
    "reference": "MIG-S-20",
    "created_at": "2026-03-29T16:40:34.552Z"
  }
},
{
  "model": "payments.transaction",
  "pk": 21,
  "fields": {
    "user": 16,
    "amount": "0.00",
    "transaction_type": "DEPOSIT",
    "description": "[MIGRATED] Payment Deposit",
    "reference": "MIG-S-21",
    "created_at": "2026-03-29T16:40:34.558Z"
  }
},
{
  "model": "payments.transaction",
  "pk": 22,
  "fields": {
    "user": 16,
    "amount": "0.00",
    "transaction_type": "DEPOSIT",
    "description": "[MIGRATED] Payment Deposit",
    "reference": "MIG-S-22",
    "created_at": "2026-03-29T16:40:34.565Z"
  }
},
{
  "model": "payments.transaction",
  "pk": 23,
  "fields": {
    "user": 16,
    "amount": "0.00",
    "transaction_type": "DEPOSIT",
    "description": "[MIGRATED] Payment Deposit",
    "reference": "MIG-S-23",
    "created_at": "2026-03-29T16:40:34.571Z"
  }
},
{
  "model": "payments.transaction",
  "pk": 24,
  "fields": {
    "user": 16,
    "amount": "0.00",
    "transaction_type": "DEPOSIT",
    "description": "[MIGRATED] Payment Deposit",
    "reference": "MIG-S-24",
    "created_at": "2026-03-29T16:40:34.576Z"
  }
},
{
  "model": "payments.transaction",
  "pk": 25,
  "fields": {
    "user": 16,
    "amount": "0.00",
    "transaction_type": "DEPOSIT",
    "description": "[MIGRATED] Payment Deposit",
    "reference": "MIG-S-25",
    "created_at": "2026-03-29T16:40:34.583Z"
  }
},
{
  "model": "payments.transaction",
  "pk": 26,
  "fields": {
    "user": 16,
    "amount": "0.00",
    "transaction_type": "DEPOSIT",
    "description": "[MIGRATED] Payment Deposit",
    "reference": "MIG-S-26",
    "created_at": "2026-03-29T16:40:34.588Z"
  }
},
{
  "model": "payments.transaction",
  "pk": 27,
  "fields": {
    "user": 16,
    "amount": "0.00",
    "transaction_type": "DEPOSIT",
    "description": "[MIGRATED] Payment Deposit",
    "reference": "MIG-S-27",
    "created_at": "2026-03-29T16:40:34.593Z"
  }
},
{
  "model": "payments.transaction",
  "pk": 28,
  "fields": {
    "user": 34,
    "amount": "12000.00",
    "transaction_type": "DEPOSIT",
    "description": "[MIGRATED] Payment Deposit",
    "reference": "MIG-S-28",
    "created_at": "2026-03-29T16:40:34.600Z"
  }
},
{
  "model": "payments.transaction",
  "pk": 29,
  "fields": {
    "user": 34,
    "amount": "12000.00",
    "transaction_type": "DEPOSIT",
    "description": "[MIGRATED] Payment Deposit",
    "reference": "MIG-S-29",
    "created_at": "2026-03-29T16:40:34.606Z"
  }
},
{
  "model": "payments.transaction",
  "pk": 30,
  "fields": {
    "user": 51,
    "amount": "5000.00",
    "transaction_type": "DEPOSIT",
    "description": "[MIGRATED] Payment Deposit",
    "reference": "MIG-S-30",
    "created_at": "2026-03-29T16:40:34.613Z"
  }
},
{
  "model": "payments.transaction",
  "pk": 31,
  "fields": {
    "user": 51,
    "amount": "5000.00",
    "transaction_type": "DEPOSIT",
    "description": "[MIGRATED] Payment Deposit",
    "reference": "MIG-S-31",
    "created_at": "2026-03-29T16:40:34.619Z"
  }
},
{
  "model": "payments.transaction",
  "pk": 32,
  "fields": {
    "user": 51,
    "amount": "5000.00",
    "transaction_type": "DEPOSIT",
    "description": "[MIGRATED] Payment Deposit",
    "reference": "MIG-S-32",
    "created_at": "2026-03-29T16:40:34.625Z"
  }
},
{
  "model": "payments.transaction",
  "pk": 33,
  "fields": {
    "user": 51,
    "amount": "5000.00",
    "transaction_type": "DEPOSIT",
    "description": "[MIGRATED] Payment Deposit",
    "reference": "MIG-S-33",
    "created_at": "2026-03-29T16:40:34.631Z"
  }
},
{
  "model": "payments.transaction",
  "pk": 34,
  "fields": {
    "user": 56,
    "amount": "10000.00",
    "transaction_type": "DEPOSIT",
    "description": "[MIGRATED] Payment Deposit",
    "reference": "MIG-S-34",
    "created_at": "2026-03-29T16:40:34.637Z"
  }
},
{
  "model": "payments.transaction",
  "pk": 35,
  "fields": {
    "user": 56,
    "amount": "10000.00",
    "transaction_type": "DEPOSIT",
    "description": "[MIGRATED] Payment Deposit",
    "reference": "MIG-S-35",
    "created_at": "2026-03-29T16:40:34.643Z"
  }
},
{
  "model": "payments.transaction",
  "pk": 36,
  "fields": {
    "user": 56,
    "amount": "5000.00",
    "transaction_type": "DEPOSIT",
    "description": "[MIGRATED] Payment Deposit",
    "reference": "MIG-S-36",
    "created_at": "2026-03-29T16:40:34.650Z"
  }
},
{
  "model": "payments.transaction",
  "pk": 37,
  "fields": {
    "user": 56,
    "amount": "5000.00",
    "transaction_type": "DEPOSIT",
    "description": "[MIGRATED] Payment Deposit",
    "reference": "MIG-S-37",
    "created_at": "2026-03-29T16:40:34.657Z"
  }
},
{
  "model": "payments.transaction",
  "pk": 38,
  "fields": {
    "user": 16,
    "amount": "5000.00",
    "transaction_type": "DEPOSIT",
    "description": "Payment Deposit via Paystack",
    "reference": "TOPUP-A5ADF33C",
    "created_at": "2026-03-29T16:58:17.580Z"
  }
},
{
  "model": "payments.transaction",
  "pk": 39,
  "fields": {
    "user": 16,
    "amount": "25000.00",
    "transaction_type": "DEPOSIT",
    "description": "Payment Deposit via Paystack",
    "reference": "TOPUP-62830304",
    "created_at": "2026-03-29T16:58:52.393Z"
  }
},
{
  "model": "payments.transaction",
  "pk": 40,
  "fields": {
    "user": 16,
    "amount": "50000.00",
    "transaction_type": "DEPOSIT",
    "description": "Payment Deposit via Paystack",
    "reference": "TOPUP-6F7DFCAF",
    "created_at": "2026-03-29T16:59:15.716Z"
  }
},
{
  "model": "payments.transaction",
  "pk": 41,
  "fields": {
    "user": 16,
    "amount": "10000.00",
    "transaction_type": "DEPOSIT",
    "description": "Payment Deposit via Paystack",
    "reference": "TOPUP-140DD151",
    "created_at": "2026-03-29T16:59:52.278Z"
  }
},
{
  "model": "payments.transaction",
  "pk": 42,
  "fields": {
    "user": 16,
    "amount": "10000.00",
    "transaction_type": "DEPOSIT",
    "description": "Payment Deposit via Paystack",
    "reference": "TOPUP-FA16FA74",
    "created_at": "2026-03-29T17:00:20.264Z"
  }
},
{
  "model": "payments.transaction",
  "pk": 43,
  "fields": {
    "user": 16,
    "amount": "5000.00",
    "transaction_type": "DEPOSIT",
    "description": "Payment Deposit via Paystack",
    "reference": "TOPUP-ED9B8801",
    "created_at": "2026-03-31T11:55:05.378Z"
  }
},
{
  "model": "payments.transaction",
  "pk": 44,
  "fields": {
    "user": 16,
    "amount": "5000.00",
    "transaction_type": "DEPOSIT",
    "description": "Payment Deposit via Paystack",
    "reference": "TOPUP-0C9D3299",
    "created_at": "2026-03-31T12:00:04.007Z"
  }
},
{
  "model": "payments.transaction",
  "pk": 45,
  "fields": {
    "user": 44,
    "amount": "9600.00",
    "transaction_type": "credit",
    "description": "Payment for Booking: Quranic Recitation",
    "reference": null,
    "created_at": "2026-03-31T19:24:22.262Z"
  }
},
{
  "model": "payments.transaction",
  "pk": 46,
  "fields": {
    "user": 44,
    "amount": "4800.00",
    "transaction_type": "credit",
    "description": "Payment for Booking: Quranic Recitation",
    "reference": null,
    "created_at": "2026-03-31T19:24:57.497Z"
  }
},
{
  "model": "payments.transaction",
  "pk": 47,
  "fields": {
    "user": 33,
    "amount": "19200.00",
    "transaction_type": "credit",
    "description": "Payment for Booking: tajweed",
    "reference": null,
    "created_at": "2026-03-31T19:25:23.255Z"
  }
},
{
  "model": "classes.scheduledsession",
  "pk": 1,
  "fields": {
    "student": 8,
    "tutor": 28,
    "subject": null,
    "scheduled_at": "2026-03-05T23:00:00Z",
    "duration": 40,
    "is_trial": false,
    "status": "PENDING",
    "fee_amount": "0.00",
    "commission_amount": "0.00",
    "admin_percentage_at_completion": "0.00",
    "payout_status": "NONE",
    "reminder_sent": false,
    "meeting_link": "https://meet.jit.si/HidayahClass_2cb0bb251c87",
    "whiteboard_link": "https://excalidraw.com/#room=HidayahClass_2cb0bb251c87",
    "completion_notes": null,
    "is_started": false,
    "created_at": "2026-03-05T23:19:39.073Z",
    "updated_at": "2026-03-05T23:19:39.073Z"
  }
},
{
  "model": "classes.scheduledsession",
  "pk": 2,
  "fields": {
    "student": 8,
    "tutor": 44,
    "subject": null,
    "scheduled_at": "2026-03-05T23:00:00Z",
    "duration": 40,
    "is_trial": false,
    "status": "COMPLETED",
    "fee_amount": "0.00",
    "commission_amount": "0.00",
    "admin_percentage_at_completion": "0.00",
    "payout_status": "NONE",
    "reminder_sent": false,
    "meeting_link": "https://meet.jit.si/HidayahClass_e256f6e90716",
    "whiteboard_link": "https://excalidraw.com/#room=HidayahClass_e256f6e90716",
    "completion_notes": null,
    "is_started": false,
    "created_at": "2026-03-05T23:44:32.761Z",
    "updated_at": "2026-03-29T20:10:39.975Z"
  }
},
{
  "model": "classes.scheduledsession",
  "pk": 3,
  "fields": {
    "student": 8,
    "tutor": 32,
    "subject": null,
    "scheduled_at": "2026-03-05T23:00:00Z",
    "duration": 40,
    "is_trial": false,
    "status": "PENDING",
    "fee_amount": "0.00",
    "commission_amount": "0.00",
    "admin_percentage_at_completion": "0.00",
    "payout_status": "NONE",
    "reminder_sent": false,
    "meeting_link": "https://meet.jit.si/HidayahClass_f37d3a29d779",
    "whiteboard_link": "https://excalidraw.com/#room=HidayahClass_f37d3a29d779",
    "completion_notes": null,
    "is_started": false,
    "created_at": "2026-03-05T23:46:47.288Z",
    "updated_at": "2026-03-05T23:46:47.288Z"
  }
},
{
  "model": "classes.scheduledsession",
  "pk": 4,
  "fields": {
    "student": 8,
    "tutor": 45,
    "subject": null,
    "scheduled_at": "2026-03-05T23:00:00Z",
    "duration": 40,
    "is_trial": false,
    "status": "PENDING",
    "fee_amount": "0.00",
    "commission_amount": "0.00",
    "admin_percentage_at_completion": "0.00",
    "payout_status": "NONE",
    "reminder_sent": false,
    "meeting_link": "https://meet.jit.si/HidayahClass_258fbbcb8ee0",
    "whiteboard_link": "https://excalidraw.com/#room=HidayahClass_258fbbcb8ee0",
    "completion_notes": null,
    "is_started": false,
    "created_at": "2026-03-05T23:50:25.299Z",
    "updated_at": "2026-03-05T23:50:25.299Z"
  }
},
{
  "model": "classes.scheduledsession",
  "pk": 5,
  "fields": {
    "student": 16,
    "tutor": 45,
    "subject": null,
    "scheduled_at": "2026-03-16T15:00:00Z",
    "duration": 40,
    "is_trial": false,
    "status": "PENDING",
    "fee_amount": "0.00",
    "commission_amount": "0.00",
    "admin_percentage_at_completion": "0.00",
    "payout_status": "NONE",
    "reminder_sent": false,
    "meeting_link": "https://meet.jit.si/HidayahClass_0f96b011f14f",
    "whiteboard_link": "https://excalidraw.com/#room=HidayahClass_0f96b011f14f",
    "completion_notes": null,
    "is_started": false,
    "created_at": "2026-03-16T15:14:37.585Z",
    "updated_at": "2026-03-17T14:00:23.065Z"
  }
},
{
  "model": "classes.scheduledsession",
  "pk": 6,
  "fields": {
    "student": 8,
    "tutor": 38,
    "subject": null,
    "scheduled_at": "2026-03-17T12:00:00Z",
    "duration": 40,
    "is_trial": false,
    "status": "PENDING",
    "fee_amount": "0.00",
    "commission_amount": "0.00",
    "admin_percentage_at_completion": "0.00",
    "payout_status": "NONE",
    "reminder_sent": false,
    "meeting_link": "https://meet.jit.si/HidayahClass_7b8c6b865761",
    "whiteboard_link": "https://excalidraw.com/#room=HidayahClass_7b8c6b865761",
    "completion_notes": null,
    "is_started": false,
    "created_at": "2026-03-17T12:54:24.762Z",
    "updated_at": "2026-03-17T12:54:24.762Z"
  }
},
{
  "model": "classes.scheduledsession",
  "pk": 7,
  "fields": {
    "student": 36,
    "tutor": 38,
    "subject": null,
    "scheduled_at": "2026-03-17T13:00:00Z",
    "duration": 40,
    "is_trial": false,
    "status": "PENDING",
    "fee_amount": "0.00",
    "commission_amount": "0.00",
    "admin_percentage_at_completion": "0.00",
    "payout_status": "NONE",
    "reminder_sent": false,
    "meeting_link": "https://meet.jit.si/HidayahClass_83eea7a600b2",
    "whiteboard_link": "https://excalidraw.com/#room=HidayahClass_83eea7a600b2",
    "completion_notes": null,
    "is_started": false,
    "created_at": "2026-03-17T13:54:30.301Z",
    "updated_at": "2026-03-17T13:54:30.301Z"
  }
},
{
  "model": "classes.scheduledsession",
  "pk": 8,
  "fields": {
    "student": 46,
    "tutor": 28,
    "subject": null,
    "scheduled_at": "2026-03-17T13:00:00Z",
    "duration": 40,
    "is_trial": false,
    "status": "PENDING",
    "fee_amount": "0.00",
    "commission_amount": "0.00",
    "admin_percentage_at_completion": "0.00",
    "payout_status": "NONE",
    "reminder_sent": false,
    "meeting_link": "https://meet.jit.si/HidayahClass_108fb99e3f85",
    "whiteboard_link": "https://excalidraw.com/#room=HidayahClass_108fb99e3f85",
    "completion_notes": null,
    "is_started": false,
    "created_at": "2026-03-17T13:54:53.757Z",
    "updated_at": "2026-03-17T13:54:53.757Z"
  }
},
{
  "model": "classes.scheduledsession",
  "pk": 9,
  "fields": {
    "student": 46,
    "tutor": 47,
    "subject": null,
    "scheduled_at": "2026-03-17T14:00:00Z",
    "duration": 40,
    "is_trial": false,
    "status": "PENDING",
    "fee_amount": "0.00",
    "commission_amount": "0.00",
    "admin_percentage_at_completion": "0.00",
    "payout_status": "NONE",
    "reminder_sent": false,
    "meeting_link": "https://meet.jit.si/HidayahClass_ec1dcd90ca0a",
    "whiteboard_link": "https://excalidraw.com/#room=HidayahClass_ec1dcd90ca0a",
    "completion_notes": null,
    "is_started": false,
    "created_at": "2026-03-17T14:23:08.916Z",
    "updated_at": "2026-03-17T14:23:08.916Z"
  }
},
{
  "model": "classes.scheduledsession",
  "pk": 10,
  "fields": {
    "student": 53,
    "tutor": 54,
    "subject": null,
    "scheduled_at": "2026-03-26T17:25:21.441Z",
    "duration": 40,
    "is_trial": false,
    "status": "PENDING",
    "fee_amount": "0.00",
    "commission_amount": "0.00",
    "admin_percentage_at_completion": "0.00",
    "payout_status": "NONE",
    "reminder_sent": false,
    "meeting_link": "https://meet.jit.si/HidayahClass_cb21a5dd5c15",
    "whiteboard_link": "https://excalidraw.com/#room=HidayahClass_cb21a5dd5c15",
    "completion_notes": null,
    "is_started": false,
    "created_at": "2026-03-25T17:25:21.442Z",
    "updated_at": "2026-03-25T17:25:21.442Z"
  }
},
{
  "model": "classes.scheduledsession",
  "pk": 11,
  "fields": {
    "student": 53,
    "tutor": 54,
    "subject": null,
    "scheduled_at": "2026-03-26T17:25:49.936Z",
    "duration": 40,
    "is_trial": false,
    "status": "PENDING",
    "fee_amount": "0.00",
    "commission_amount": "0.00",
    "admin_percentage_at_completion": "0.00",
    "payout_status": "NONE",
    "reminder_sent": false,
    "meeting_link": "https://meet.jit.si/HidayahClass_8b710be691f0",
    "whiteboard_link": "https://excalidraw.com/#room=HidayahClass_8b710be691f0",
    "completion_notes": null,
    "is_started": false,
    "created_at": "2026-03-25T17:25:49.938Z",
    "updated_at": "2026-03-25T17:25:49.938Z"
  }
},
{
  "model": "classes.scheduledsession",
  "pk": 12,
  "fields": {
    "student": 53,
    "tutor": 54,
    "subject": null,
    "scheduled_at": "2026-03-26T17:26:23.667Z",
    "duration": 40,
    "is_trial": false,
    "status": "PENDING",
    "fee_amount": "0.00",
    "commission_amount": "0.00",
    "admin_percentage_at_completion": "0.00",
    "payout_status": "NONE",
    "reminder_sent": false,
    "meeting_link": "https://meet.jit.si/HidayahClass_bcf2d03eb633",
    "whiteboard_link": "https://excalidraw.com/#room=HidayahClass_bcf2d03eb633",
    "completion_notes": null,
    "is_started": false,
    "created_at": "2026-03-25T17:26:23.669Z",
    "updated_at": "2026-03-25T17:26:23.669Z"
  }
},
{
  "model": "classes.scheduledsession",
  "pk": 13,
  "fields": {
    "student": 16,
    "tutor": 44,
    "subject": null,
    "scheduled_at": "2026-03-27T23:52:49.316Z",
    "duration": 40,
    "is_trial": false,
    "status": "PENDING",
    "fee_amount": "0.00",
    "commission_amount": "0.00",
    "admin_percentage_at_completion": "0.00",
    "payout_status": "NONE",
    "reminder_sent": false,
    "meeting_link": "https://meet.jit.si/HidayahClass_bbe4f6faac09",
    "whiteboard_link": "https://excalidraw.com/#room=HidayahClass_bbe4f6faac09",
    "completion_notes": null,
    "is_started": false,
    "created_at": "2026-03-26T23:52:49.317Z",
    "updated_at": "2026-03-26T23:52:49.317Z"
  }
},
{
  "model": "classes.scheduledsession",
  "pk": 14,
  "fields": {
    "student": 51,
    "tutor": 28,
    "subject": null,
    "scheduled_at": "2026-03-27T01:00:00Z",
    "duration": 40,
    "is_trial": false,
    "status": "PENDING",
    "fee_amount": "0.00",
    "commission_amount": "0.00",
    "admin_percentage_at_completion": "0.00",
    "payout_status": "NONE",
    "reminder_sent": false,
    "meeting_link": "https://meet.jit.si/HidayahClass_a2ea74dc96fb",
    "whiteboard_link": "https://excalidraw.com/#room=HidayahClass_a2ea74dc96fb",
    "completion_notes": null,
    "is_started": false,
    "created_at": "2026-03-27T01:21:08.270Z",
    "updated_at": "2026-03-27T01:21:08.271Z"
  }
},
{
  "model": "classes.booking",
  "pk": 1,
  "fields": {
    "student": 16,
    "tutor": 33,
    "subject": "tajweed",
    "price": "24000.00",
    "schedule": "[{\"day\": \"MONDAY\", \"time\": \"13:39\"}, {\"day\": \"WEDNESDAY\", \"time\": \"15:39\"}, {\"day\": \"WEDNESDAY\", \"time\": \"16:39\"}, {\"day\": \"THURSDAY\", \"time\": \"04:39\"}]",
    "hours_per_week": 4,
    "preferred_start_date": "2026-04-03",
    "approved": true,
    "paid": true,
    "created_at": "2026-03-31T11:45:23.449Z"
  }
},
{
  "model": "classes.booking",
  "pk": 2,
  "fields": {
    "student": 16,
    "tutor": 44,
    "subject": "Quranic Recitation",
    "price": "12000.00",
    "schedule": "[{\"day\": \"THURSDAY\", \"time\": \"15:46\"}, {\"day\": \"FRIDAY\", \"time\": \"16:52\"}]",
    "hours_per_week": 2,
    "preferred_start_date": "2026-04-15",
    "approved": true,
    "paid": true,
    "created_at": "2026-03-31T11:48:16.484Z"
  }
},
{
  "model": "classes.booking",
  "pk": 3,
  "fields": {
    "student": 16,
    "tutor": 44,
    "subject": "Quranic Recitation",
    "price": "6000.00",
    "schedule": "[{\"day\": \"TUESDAY\", \"time\": \"18:20\"}]",
    "hours_per_week": 1,
    "preferred_start_date": "2026-04-15",
    "approved": true,
    "paid": true,
    "created_at": "2026-03-31T13:21:26.271Z"
  }
},
{
  "model": "classes.booking",
  "pk": 4,
  "fields": {
    "student": 16,
    "tutor": 44,
    "subject": "Quranic Recitation",
    "price": "6000.00",
    "schedule": "[{\"day\": \"FRIDAY\", \"time\": \"12:13\"}]",
    "hours_per_week": 1,
    "preferred_start_date": "2026-04-17",
    "approved": true,
    "paid": false,
    "created_at": "2026-03-31T19:13:20.302Z"
  }
},
{
  "model": "feedback.complaint",
  "pk": 1,
  "fields": {
    "filed_by": 38,
    "filed_against": 8,
    "subject": "mathematics ",
    "description": "he is not focusing much",
    "status": "RESOLVED",
    "admin_response": "noted",
    "created_at": "2026-03-18T11:09:55.276Z",
    "resolved_at": "2026-03-18T11:48:54.312Z"
  }
},
{
  "model": "feedback.complaint",
  "pk": 2,
  "fields": {
    "filed_by": 46,
    "filed_against": 10,
    "subject": "absent",
    "description": "my teacher doest teach me well",
    "status": "OPEN",
    "admin_response": null,
    "created_at": "2026-03-18T11:17:56.641Z",
    "resolved_at": null
  }
},
{
  "model": "programs.program",
  "pk": 1,
  "fields": {
    "name": "Nigerian Secondary Education",
    "program_type": "WESTERN",
    "description": "Standard Nigerian curriculum for WAEC, NECO, and JAMB preparation."
  }
},
{
  "model": "programs.program",
  "pk": 2,
  "fields": {
    "name": "Secondary Education",
    "program_type": "WESTERN",
    "description": ""
  }
},
{
  "model": "programs.program",
  "pk": 3,
  "fields": {
    "name": "Islamic Education",
    "program_type": "ISLAMIC",
    "description": "Comprehensive Islamic Studies"
  }
},
{
  "model": "programs.subject",
  "pk": 1,
  "fields": {
    "program": 1,
    "name": "Mathematics",
    "slug": "mathematics",
    "admin_percentage": "5.00"
  }
},
{
  "model": "programs.subject",
  "pk": 2,
  "fields": {
    "program": 1,
    "name": "English Language",
    "slug": "english-language",
    "admin_percentage": "5.00"
  }
},
{
  "model": "programs.subject",
  "pk": 3,
  "fields": {
    "program": 1,
    "name": "Biology",
    "slug": "biology",
    "admin_percentage": "5.00"
  }
},
{
  "model": "programs.subject",
  "pk": 4,
  "fields": {
    "program": 1,
    "name": "Chemistry",
    "slug": "chemistry",
    "admin_percentage": "5.00"
  }
},
{
  "model": "programs.subject",
  "pk": 5,
  "fields": {
    "program": 1,
    "name": "Physics",
    "slug": "physics",
    "admin_percentage": "5.00"
  }
},
{
  "model": "programs.subject",
  "pk": 6,
  "fields": {
    "program": 1,
    "name": "Economics",
    "slug": "economics",
    "admin_percentage": "5.00"
  }
},
{
  "model": "programs.subject",
  "pk": 7,
  "fields": {
    "program": 1,
    "name": "Government",
    "slug": "government",
    "admin_percentage": "5.00"
  }
},
{
  "model": "programs.subject",
  "pk": 8,
  "fields": {
    "program": 1,
    "name": "Literature in English",
    "slug": "literature-in-english",
    "admin_percentage": "5.00"
  }
},
{
  "model": "programs.subject",
  "pk": 9,
  "fields": {
    "program": 1,
    "name": "Civic Education",
    "slug": "civic-education",
    "admin_percentage": "5.00"
  }
},
{
  "model": "programs.subject",
  "pk": 10,
  "fields": {
    "program": 1,
    "name": "Islamic Studies",
    "slug": "islamic-studies",
    "admin_percentage": "5.00"
  }
},
{
  "model": "programs.subject",
  "pk": 11,
  "fields": {
    "program": 1,
    "name": "Christian Religious Studies",
    "slug": "christian-religious-studies",
    "admin_percentage": "5.00"
  }
},
{
  "model": "programs.subject",
  "pk": 12,
  "fields": {
    "program": 1,
    "name": "Agricultural Science",
    "slug": "agricultural-science",
    "admin_percentage": "5.00"
  }
},
{
  "model": "programs.subject",
  "pk": 13,
  "fields": {
    "program": 1,
    "name": "Geography",
    "slug": "geography",
    "admin_percentage": "5.00"
  }
},
{
  "model": "programs.subject",
  "pk": 14,
  "fields": {
    "program": 1,
    "name": "Commerce",
    "slug": "commerce",
    "admin_percentage": "5.00"
  }
},
{
  "model": "programs.subject",
  "pk": 15,
  "fields": {
    "program": 1,
    "name": "Financial Accounting",
    "slug": "financial-accounting",
    "admin_percentage": "5.00"
  }
},
{
  "model": "programs.subject",
  "pk": 16,
  "fields": {
    "program": 1,
    "name": "Data Processing",
    "slug": "data-processing",
    "admin_percentage": "5.00"
  }
},
{
  "model": "programs.subject",
  "pk": 17,
  "fields": {
    "program": 1,
    "name": "Computer Studies",
    "slug": "computer-studies",
    "admin_percentage": "5.00"
  }
},
{
  "model": "programs.subject",
  "pk": 18,
  "fields": {
    "program": 1,
    "name": "Yoruba",
    "slug": "yoruba",
    "admin_percentage": "5.00"
  }
},
{
  "model": "programs.subject",
  "pk": 19,
  "fields": {
    "program": 1,
    "name": "Igbo",
    "slug": "igbo",
    "admin_percentage": "5.00"
  }
},
{
  "model": "programs.subject",
  "pk": 20,
  "fields": {
    "program": 1,
    "name": "Hausa",
    "slug": "hausa",
    "admin_percentage": "5.00"
  }
},
{
  "model": "programs.subject",
  "pk": 21,
  "fields": {
    "program": 1,
    "name": "Further Mathematics",
    "slug": "further-mathematics",
    "admin_percentage": "5.00"
  }
},
{
  "model": "programs.subject",
  "pk": 22,
  "fields": {
    "program": 1,
    "name": "Technical Drawing",
    "slug": "technical-drawing",
    "admin_percentage": "5.00"
  }
},
{
  "model": "programs.subject",
  "pk": 23,
  "fields": {
    "program": 1,
    "name": "Marketing",
    "slug": "marketing",
    "admin_percentage": "5.00"
  }
},
{
  "model": "programs.subject",
  "pk": 24,
  "fields": {
    "program": 1,
    "name": "Insurance",
    "slug": "insurance",
    "admin_percentage": "5.00"
  }
},
{
  "model": "programs.subject",
  "pk": 25,
  "fields": {
    "program": 2,
    "name": "Physics",
    "slug": "",
    "admin_percentage": "5.00"
  }
},
{
  "model": "programs.subject",
  "pk": 26,
  "fields": {
    "program": 3,
    "name": "Quranic Recitation",
    "slug": "quranic-recitation",
    "admin_percentage": "5.00"
  }
},
{
  "model": "programs.subject",
  "pk": 27,
  "fields": {
    "program": 3,
    "name": "Arabic Foundation",
    "slug": "arabic-foundation",
    "admin_percentage": "5.00"
  }
},
{
  "model": "programs.subject",
  "pk": 28,
  "fields": {
    "program": 3,
    "name": "Islamic Studies",
    "slug": "islamic-studies-1",
    "admin_percentage": "5.00"
  }
},
{
  "model": "programs.subject",
  "pk": 29,
  "fields": {
    "program": 3,
    "name": "Hifz Program",
    "slug": "hifz-program",
    "admin_percentage": "5.00"
  }
},
{
  "model": "programs.subject",
  "pk": 30,
  "fields": {
    "program": 3,
    "name": "Tajweed",
    "slug": "tajweed",
    "admin_percentage": "5.00"
  }
},
{
  "model": "programs.subject",
  "pk": 31,
  "fields": {
    "program": 3,
    "name": "Islamic Jurisprudence (Fiqh)",
    "slug": "islamic-jurisprudence-fiqh",
    "admin_percentage": "5.00"
  }
},
{
  "model": "programs.subject",
  "pk": 32,
  "fields": {
    "program": 3,
    "name": "Hadith Studies",
    "slug": "hadith-studies",
    "admin_percentage": "5.00"
  }
},
{
  "model": "programs.subject",
  "pk": 33,
  "fields": {
    "program": 3,
    "name": "Tafsir",
    "slug": "tafsir",
    "admin_percentage": "5.00"
  }
},
{
  "model": "programs.subject",
  "pk": 34,
  "fields": {
    "program": 3,
    "name": "Islamic History",
    "slug": "islamic-history",
    "admin_percentage": "5.00"
  }
},
{
  "model": "programs.subject",
  "pk": 35,
  "fields": {
    "program": 3,
    "name": "Arabic Grammar (Nahw)",
    "slug": "arabic-grammar-nahw",
    "admin_percentage": "5.00"
  }
},
{
  "model": "scheduling.tutorrequest",
  "pk": 6,
  "fields": {
    "student": 53,
    "tutor": 54,
    "subject": 25,
    "preferred_time": "Mon/Wed/Fri 4pm",
    "status": "APPROVED",
    "rejection_reason": null,
    "created_at": "2026-03-25T17:26:20.760Z",
    "updated_at": "2026-03-25T17:26:21.930Z"
  }
},
{
  "model": "scheduling.tutorrequest",
  "pk": 8,
  "fields": {
    "student": 16,
    "tutor": 44,
    "subject": 8,
    "preferred_time": "Sunday, Thursday at 13:36",
    "status": "APPROVED",
    "rejection_reason": null,
    "created_at": "2026-03-26T23:49:22.749Z",
    "updated_at": "2026-03-26T23:52:48.600Z"
  }
},
{
  "model": "exams.exam",
  "pk": 4,
  "fields": {
    "title": "JAMB Mathematics 2021",
    "exam_type": "JAMB",
    "subject": 1,
    "year": 2021,
    "duration_minutes": 60,
    "is_active": true,
    "tutor": null
  }
},
{
  "model": "exams.exam",
  "pk": 5,
  "fields": {
    "title": "JAMB English Language 2021",
    "exam_type": "JAMB",
    "subject": 2,
    "year": 2021,
    "duration_minutes": 60,
    "is_active": true,
    "tutor": null
  }
},
{
  "model": "exams.exam",
  "pk": 6,
  "fields": {
    "title": "WAEC Biology 2022",
    "exam_type": "WAEC",
    "subject": 3,
    "year": 2022,
    "duration_minutes": 60,
    "is_active": true,
    "tutor": null
  }
},
{
  "model": "exams.exam",
  "pk": 7,
  "fields": {
    "title": "first term exam",
    "exam_type": "INTERNAL",
    "subject": 30,
    "year": 2024,
    "duration_minutes": 60,
    "is_active": true,
    "tutor": 44
  }
},
{
  "model": "exams.exam",
  "pk": 8,
  "fields": {
    "title": "JAMB Mathematics 2015",
    "exam_type": "JAMB",
    "subject": 1,
    "year": 2015,
    "duration_minutes": 60,
    "is_active": true,
    "tutor": null
  }
},
{
  "model": "exams.exam",
  "pk": 9,
  "fields": {
    "title": "JAMB Mathematics 2016",
    "exam_type": "JAMB",
    "subject": 1,
    "year": 2016,
    "duration_minutes": 60,
    "is_active": true,
    "tutor": null
  }
},
{
  "model": "exams.exam",
  "pk": 10,
  "fields": {
    "title": "JAMB Mathematics 2017",
    "exam_type": "JAMB",
    "subject": 1,
    "year": 2017,
    "duration_minutes": 60,
    "is_active": true,
    "tutor": null
  }
},
{
  "model": "exams.exam",
  "pk": 11,
  "fields": {
    "title": "JAMB Mathematics 2018",
    "exam_type": "JAMB",
    "subject": 1,
    "year": 2018,
    "duration_minutes": 60,
    "is_active": true,
    "tutor": null
  }
},
{
  "model": "exams.exam",
  "pk": 12,
  "fields": {
    "title": "JAMB Mathematics 2019",
    "exam_type": "JAMB",
    "subject": 1,
    "year": 2019,
    "duration_minutes": 60,
    "is_active": true,
    "tutor": null
  }
},
{
  "model": "exams.exam",
  "pk": 13,
  "fields": {
    "title": "JAMB Mathematics 2020",
    "exam_type": "JAMB",
    "subject": 1,
    "year": 2020,
    "duration_minutes": 60,
    "is_active": true,
    "tutor": null
  }
},
{
  "model": "exams.exam",
  "pk": 14,
  "fields": {
    "title": "JAMB Mathematics 2022",
    "exam_type": "JAMB",
    "subject": 1,
    "year": 2022,
    "duration_minutes": 60,
    "is_active": true,
    "tutor": null
  }
},
{
  "model": "exams.exam",
  "pk": 15,
  "fields": {
    "title": "JAMB Mathematics 2023",
    "exam_type": "JAMB",
    "subject": 1,
    "year": 2023,
    "duration_minutes": 60,
    "is_active": true,
    "tutor": null
  }
},
{
  "model": "exams.exam",
  "pk": 16,
  "fields": {
    "title": "JAMB Mathematics 2024",
    "exam_type": "JAMB",
    "subject": 1,
    "year": 2024,
    "duration_minutes": 60,
    "is_active": true,
    "tutor": null
  }
},
{
  "model": "exams.exam",
  "pk": 17,
  "fields": {
    "title": "JAMB English Language 2015",
    "exam_type": "JAMB",
    "subject": 2,
    "year": 2015,
    "duration_minutes": 60,
    "is_active": true,
    "tutor": null
  }
},
{
  "model": "exams.exam",
  "pk": 18,
  "fields": {
    "title": "JAMB English Language 2016",
    "exam_type": "JAMB",
    "subject": 2,
    "year": 2016,
    "duration_minutes": 60,
    "is_active": true,
    "tutor": null
  }
},
{
  "model": "exams.exam",
  "pk": 19,
  "fields": {
    "title": "JAMB English Language 2017",
    "exam_type": "JAMB",
    "subject": 2,
    "year": 2017,
    "duration_minutes": 60,
    "is_active": true,
    "tutor": null
  }
},
{
  "model": "exams.exam",
  "pk": 20,
  "fields": {
    "title": "JAMB English Language 2018",
    "exam_type": "JAMB",
    "subject": 2,
    "year": 2018,
    "duration_minutes": 60,
    "is_active": true,
    "tutor": null
  }
},
{
  "model": "exams.exam",
  "pk": 21,
  "fields": {
    "title": "JAMB English Language 2019",
    "exam_type": "JAMB",
    "subject": 2,
    "year": 2019,
    "duration_minutes": 60,
    "is_active": true,
    "tutor": null
  }
},
{
  "model": "exams.exam",
  "pk": 22,
  "fields": {
    "title": "JAMB English Language 2020",
    "exam_type": "JAMB",
    "subject": 2,
    "year": 2020,
    "duration_minutes": 60,
    "is_active": true,
    "tutor": null
  }
},
{
  "model": "exams.exam",
  "pk": 23,
  "fields": {
    "title": "JAMB English Language 2022",
    "exam_type": "JAMB",
    "subject": 2,
    "year": 2022,
    "duration_minutes": 60,
    "is_active": true,
    "tutor": null
  }
},
{
  "model": "exams.exam",
  "pk": 24,
  "fields": {
    "title": "JAMB English Language 2023",
    "exam_type": "JAMB",
    "subject": 2,
    "year": 2023,
    "duration_minutes": 60,
    "is_active": true,
    "tutor": null
  }
},
{
  "model": "exams.exam",
  "pk": 25,
  "fields": {
    "title": "JAMB English Language 2024",
    "exam_type": "JAMB",
    "subject": 2,
    "year": 2024,
    "duration_minutes": 60,
    "is_active": true,
    "tutor": null
  }
},
{
  "model": "exams.question",
  "pk": 7,
  "fields": {
    "exam": 4,
    "text": "Find the value of x if 2x + 5 = 15",
    "option_a": "3",
    "option_b": "5",
    "option_c": "10",
    "option_d": "7.5",
    "correct_option": "B"
  }
},
{
  "model": "exams.question",
  "pk": 8,
  "fields": {
    "exam": 4,
    "text": "What is the square root of 144?",
    "option_a": "10",
    "option_b": "11",
    "option_c": "12",
    "option_d": "13",
    "correct_option": "C"
  }
},
{
  "model": "exams.question",
  "pk": 9,
  "fields": {
    "exam": 5,
    "text": "Choose the word most nearly opposite in meaning to: GENUINE",
    "option_a": "Fake",
    "option_b": "Real",
    "option_c": "Pure",
    "option_d": "Authentic",
    "correct_option": "A"
  }
},
{
  "model": "exams.question",
  "pk": 10,
  "fields": {
    "exam": 5,
    "text": "The students _______ their exams yesterday.",
    "option_a": "write",
    "option_b": "wrote",
    "option_c": "writted",
    "option_d": "have written",
    "correct_option": "B"
  }
},
{
  "model": "exams.question",
  "pk": 11,
  "fields": {
    "exam": 6,
    "text": "Which of the following is the 'powerhouse' of the cell?",
    "option_a": "Nucleus",
    "option_b": "Ribosome",
    "option_c": "Mitochondrion",
    "option_d": "Golgi apparatus",
    "correct_option": "C"
  }
},
{
  "model": "exams.question",
  "pk": 12,
  "fields": {
    "exam": 6,
    "text": "The process by which plants make their own food is called ______",
    "option_a": "Respiration",
    "option_b": "Transpiration",
    "option_c": "Photosynthesis",
    "option_d": "Osmosis",
    "correct_option": "C"
  }
},
{
  "model": "exams.question",
  "pk": 13,
  "fields": {
    "exam": 4,
    "text": "m,,m,",
    "option_a": "l;[p;g",
    "option_b": "jkkjskjkjs",
    "option_c": ";ghhg",
    "option_d": "./HGh",
    "correct_option": "A"
  }
},
{
  "model": "exams.question",
  "pk": 14,
  "fields": {
    "exam": 4,
    "text": "m,,m,",
    "option_a": "l;[p;g",
    "option_b": "jkkjskjkjs",
    "option_c": ";ghhg",
    "option_d": "./HGh",
    "correct_option": "B"
  }
},
{
  "model": "exams.question",
  "pk": 15,
  "fields": {
    "exam": 4,
    "text": "m,,m,",
    "option_a": "l;[p;g",
    "option_b": "jkkjskjkjs",
    "option_c": ";ghhg",
    "option_d": "./HGh",
    "correct_option": "A"
  }
},
{
  "model": "exams.question",
  "pk": 16,
  "fields": {
    "exam": 4,
    "text": "m,,m,",
    "option_a": "l;[p;g",
    "option_b": "jkkjskjkjs",
    "option_c": ";ghhg",
    "option_d": "./HGh",
    "correct_option": "A"
  }
},
{
  "model": "exams.question",
  "pk": 17,
  "fields": {
    "exam": 4,
    "text": "m,,m,",
    "option_a": "l;[p;g",
    "option_b": "jkkjskjkjs",
    "option_c": ";ghhg",
    "option_d": "./HGh",
    "correct_option": "A"
  }
},
{
  "model": "exams.question",
  "pk": 18,
  "fields": {
    "exam": 7,
    "text": "what is your name",
    "option_a": "`usman",
    "option_b": "kabir",
    "option_c": "umar",
    "option_d": "dauda",
    "correct_option": "A"
  }
},
{
  "model": "exams.question",
  "pk": 19,
  "fields": {
    "exam": 8,
    "text": "Solve: 2x - 3 > 5.",
    "option_a": "x > 1",
    "option_b": "x > 4",
    "option_c": "x < 4",
    "option_d": "x > 8",
    "correct_option": "B"
  }
},
{
  "model": "exams.question",
  "pk": 20,
  "fields": {
    "exam": 8,
    "text": "Find the value of x if log10(x) = 2.",
    "option_a": "10",
    "option_b": "100",
    "option_c": "2",
    "option_d": "1",
    "correct_option": "B"
  }
},
{
  "model": "exams.question",
  "pk": 21,
  "fields": {
    "exam": 8,
    "text": "Find the 5th term of the sequence 2, 4, 8, 16...",
    "option_a": "20",
    "option_b": "24",
    "option_c": "32",
    "option_d": "64",
    "correct_option": "C"
  }
},
{
  "model": "exams.question",
  "pk": 22,
  "fields": {
    "exam": 8,
    "text": "What is the gradient of the line y = 3x + 5?",
    "option_a": "5",
    "option_b": "3",
    "option_c": "-3",
    "option_d": "0",
    "correct_option": "B"
  }
},
{
  "model": "exams.question",
  "pk": 23,
  "fields": {
    "exam": 9,
    "text": "Find the 5th term of the sequence 2, 4, 8, 16...",
    "option_a": "20",
    "option_b": "24",
    "option_c": "32",
    "option_d": "64",
    "correct_option": "C"
  }
},
{
  "model": "exams.question",
  "pk": 24,
  "fields": {
    "exam": 9,
    "text": "Find the value of x if log10(x) = 2.",
    "option_a": "10",
    "option_b": "100",
    "option_c": "2",
    "option_d": "1",
    "correct_option": "B"
  }
},
{
  "model": "exams.question",
  "pk": 25,
  "fields": {
    "exam": 9,
    "text": "What is the gradient of the line y = 3x + 5?",
    "option_a": "5",
    "option_b": "3",
    "option_c": "-3",
    "option_d": "0",
    "correct_option": "B"
  }
},
{
  "model": "exams.question",
  "pk": 26,
  "fields": {
    "exam": 9,
    "text": "Solve: 2x - 3 > 5.",
    "option_a": "x > 1",
    "option_b": "x > 4",
    "option_c": "x < 4",
    "option_d": "x > 8",
    "correct_option": "B"
  }
},
{
  "model": "exams.question",
  "pk": 27,
  "fields": {
    "exam": 10,
    "text": "Solve: 2x - 3 > 5.",
    "option_a": "x > 1",
    "option_b": "x > 4",
    "option_c": "x < 4",
    "option_d": "x > 8",
    "correct_option": "B"
  }
},
{
  "model": "exams.question",
  "pk": 28,
  "fields": {
    "exam": 10,
    "text": "Find the value of x if log10(x) = 2.",
    "option_a": "10",
    "option_b": "100",
    "option_c": "2",
    "option_d": "1",
    "correct_option": "B"
  }
},
{
  "model": "exams.question",
  "pk": 29,
  "fields": {
    "exam": 10,
    "text": "What is the gradient of the line y = 3x + 5?",
    "option_a": "5",
    "option_b": "3",
    "option_c": "-3",
    "option_d": "0",
    "correct_option": "B"
  }
},
{
  "model": "exams.question",
  "pk": 30,
  "fields": {
    "exam": 10,
    "text": "Find the 5th term of the sequence 2, 4, 8, 16...",
    "option_a": "20",
    "option_b": "24",
    "option_c": "32",
    "option_d": "64",
    "correct_option": "C"
  }
},
{
  "model": "exams.question",
  "pk": 31,
  "fields": {
    "exam": 11,
    "text": "Solve: 2x - 3 > 5.",
    "option_a": "x > 1",
    "option_b": "x > 4",
    "option_c": "x < 4",
    "option_d": "x > 8",
    "correct_option": "B"
  }
},
{
  "model": "exams.question",
  "pk": 32,
  "fields": {
    "exam": 11,
    "text": "What is the gradient of the line y = 3x + 5?",
    "option_a": "5",
    "option_b": "3",
    "option_c": "-3",
    "option_d": "0",
    "correct_option": "B"
  }
},
{
  "model": "exams.question",
  "pk": 33,
  "fields": {
    "exam": 11,
    "text": "Find the value of x if log10(x) = 2.",
    "option_a": "10",
    "option_b": "100",
    "option_c": "2",
    "option_d": "1",
    "correct_option": "B"
  }
},
{
  "model": "exams.question",
  "pk": 34,
  "fields": {
    "exam": 11,
    "text": "Find the 5th term of the sequence 2, 4, 8, 16...",
    "option_a": "20",
    "option_b": "24",
    "option_c": "32",
    "option_d": "64",
    "correct_option": "C"
  }
},
{
  "model": "exams.question",
  "pk": 35,
  "fields": {
    "exam": 12,
    "text": "What is the gradient of the line y = 3x + 5?",
    "option_a": "5",
    "option_b": "3",
    "option_c": "-3",
    "option_d": "0",
    "correct_option": "B"
  }
},
{
  "model": "exams.question",
  "pk": 36,
  "fields": {
    "exam": 12,
    "text": "Find the value of x if log10(x) = 2.",
    "option_a": "10",
    "option_b": "100",
    "option_c": "2",
    "option_d": "1",
    "correct_option": "B"
  }
},
{
  "model": "exams.question",
  "pk": 37,
  "fields": {
    "exam": 12,
    "text": "Find the 5th term of the sequence 2, 4, 8, 16...",
    "option_a": "20",
    "option_b": "24",
    "option_c": "32",
    "option_d": "64",
    "correct_option": "C"
  }
},
{
  "model": "exams.question",
  "pk": 38,
  "fields": {
    "exam": 12,
    "text": "Solve: 2x - 3 > 5.",
    "option_a": "x > 1",
    "option_b": "x > 4",
    "option_c": "x < 4",
    "option_d": "x > 8",
    "correct_option": "B"
  }
},
{
  "model": "exams.question",
  "pk": 39,
  "fields": {
    "exam": 13,
    "text": "Find the value of x if log10(x) = 2.",
    "option_a": "10",
    "option_b": "100",
    "option_c": "2",
    "option_d": "1",
    "correct_option": "B"
  }
},
{
  "model": "exams.question",
  "pk": 40,
  "fields": {
    "exam": 13,
    "text": "Solve: 2x - 3 > 5.",
    "option_a": "x > 1",
    "option_b": "x > 4",
    "option_c": "x < 4",
    "option_d": "x > 8",
    "correct_option": "B"
  }
},
{
  "model": "exams.question",
  "pk": 41,
  "fields": {
    "exam": 13,
    "text": "Find the 5th term of the sequence 2, 4, 8, 16...",
    "option_a": "20",
    "option_b": "24",
    "option_c": "32",
    "option_d": "64",
    "correct_option": "C"
  }
},
{
  "model": "exams.question",
  "pk": 42,
  "fields": {
    "exam": 13,
    "text": "What is the gradient of the line y = 3x + 5?",
    "option_a": "5",
    "option_b": "3",
    "option_c": "-3",
    "option_d": "0",
    "correct_option": "B"
  }
},
{
  "model": "exams.question",
  "pk": 43,
  "fields": {
    "exam": 14,
    "text": "Find the 5th term of the sequence 2, 4, 8, 16...",
    "option_a": "20",
    "option_b": "24",
    "option_c": "32",
    "option_d": "64",
    "correct_option": "C"
  }
},
{
  "model": "exams.question",
  "pk": 44,
  "fields": {
    "exam": 14,
    "text": "Solve: 2x - 3 > 5.",
    "option_a": "x > 1",
    "option_b": "x > 4",
    "option_c": "x < 4",
    "option_d": "x > 8",
    "correct_option": "B"
  }
},
{
  "model": "exams.question",
  "pk": 45,
  "fields": {
    "exam": 14,
    "text": "Find the value of x if log10(x) = 2.",
    "option_a": "10",
    "option_b": "100",
    "option_c": "2",
    "option_d": "1",
    "correct_option": "B"
  }
},
{
  "model": "exams.question",
  "pk": 46,
  "fields": {
    "exam": 14,
    "text": "What is the gradient of the line y = 3x + 5?",
    "option_a": "5",
    "option_b": "3",
    "option_c": "-3",
    "option_d": "0",
    "correct_option": "B"
  }
},
{
  "model": "exams.question",
  "pk": 47,
  "fields": {
    "exam": 15,
    "text": "Find the 5th term of the sequence 2, 4, 8, 16...",
    "option_a": "20",
    "option_b": "24",
    "option_c": "32",
    "option_d": "64",
    "correct_option": "C"
  }
},
{
  "model": "exams.question",
  "pk": 48,
  "fields": {
    "exam": 15,
    "text": "What is the gradient of the line y = 3x + 5?",
    "option_a": "5",
    "option_b": "3",
    "option_c": "-3",
    "option_d": "0",
    "correct_option": "B"
  }
},
{
  "model": "exams.question",
  "pk": 49,
  "fields": {
    "exam": 15,
    "text": "Solve: 2x - 3 > 5.",
    "option_a": "x > 1",
    "option_b": "x > 4",
    "option_c": "x < 4",
    "option_d": "x > 8",
    "correct_option": "B"
  }
},
{
  "model": "exams.question",
  "pk": 50,
  "fields": {
    "exam": 15,
    "text": "Find the value of x if log10(x) = 2.",
    "option_a": "10",
    "option_b": "100",
    "option_c": "2",
    "option_d": "1",
    "correct_option": "B"
  }
},
{
  "model": "exams.question",
  "pk": 51,
  "fields": {
    "exam": 16,
    "text": "Find the 5th term of the sequence 2, 4, 8, 16...",
    "option_a": "20",
    "option_b": "24",
    "option_c": "32",
    "option_d": "64",
    "correct_option": "C"
  }
},
{
  "model": "exams.question",
  "pk": 52,
  "fields": {
    "exam": 16,
    "text": "What is the gradient of the line y = 3x + 5?",
    "option_a": "5",
    "option_b": "3",
    "option_c": "-3",
    "option_d": "0",
    "correct_option": "B"
  }
},
{
  "model": "exams.question",
  "pk": 53,
  "fields": {
    "exam": 16,
    "text": "Solve: 2x - 3 > 5.",
    "option_a": "x > 1",
    "option_b": "x > 4",
    "option_c": "x < 4",
    "option_d": "x > 8",
    "correct_option": "B"
  }
},
{
  "model": "exams.question",
  "pk": 54,
  "fields": {
    "exam": 16,
    "text": "Find the value of x if log10(x) = 2.",
    "option_a": "10",
    "option_b": "100",
    "option_c": "2",
    "option_d": "1",
    "correct_option": "B"
  }
},
{
  "model": "exams.question",
  "pk": 55,
  "fields": {
    "exam": 17,
    "text": "Select the correct spelling.",
    "option_a": "Questionaire",
    "option_b": "Questionnaire",
    "option_c": "Questionaire",
    "option_d": "Questionaire",
    "correct_option": "B"
  }
},
{
  "model": "exams.question",
  "pk": 56,
  "fields": {
    "exam": 17,
    "text": "Choose the most suitable option to complete the sentence: 'The man was ______ of murder.'",
    "option_a": "accused",
    "option_b": "charged",
    "option_c": "convicted",
    "option_d": "sentenced",
    "correct_option": "A"
  }
},
{
  "model": "exams.question",
  "pk": 57,
  "fields": {
    "exam": 17,
    "text": "What is the antonym of 'Obscure'?",
    "option_a": "Hidden",
    "option_b": "Clear",
    "option_c": "Vague",
    "option_d": "Dark",
    "correct_option": "B"
  }
},
{
  "model": "exams.question",
  "pk": 58,
  "fields": {
    "exam": 18,
    "text": "Select the correct spelling.",
    "option_a": "Questionaire",
    "option_b": "Questionnaire",
    "option_c": "Questionaire",
    "option_d": "Questionaire",
    "correct_option": "B"
  }
},
{
  "model": "exams.question",
  "pk": 59,
  "fields": {
    "exam": 18,
    "text": "What is the antonym of 'Obscure'?",
    "option_a": "Hidden",
    "option_b": "Clear",
    "option_c": "Vague",
    "option_d": "Dark",
    "correct_option": "B"
  }
},
{
  "model": "exams.question",
  "pk": 60,
  "fields": {
    "exam": 18,
    "text": "Choose the most suitable option to complete the sentence: 'The man was ______ of murder.'",
    "option_a": "accused",
    "option_b": "charged",
    "option_c": "convicted",
    "option_d": "sentenced",
    "correct_option": "A"
  }
},
{
  "model": "exams.question",
  "pk": 61,
  "fields": {
    "exam": 19,
    "text": "What is the antonym of 'Obscure'?",
    "option_a": "Hidden",
    "option_b": "Clear",
    "option_c": "Vague",
    "option_d": "Dark",
    "correct_option": "B"
  }
},
{
  "model": "exams.question",
  "pk": 62,
  "fields": {
    "exam": 19,
    "text": "Choose the most suitable option to complete the sentence: 'The man was ______ of murder.'",
    "option_a": "accused",
    "option_b": "charged",
    "option_c": "convicted",
    "option_d": "sentenced",
    "correct_option": "A"
  }
},
{
  "model": "exams.question",
  "pk": 63,
  "fields": {
    "exam": 19,
    "text": "Select the correct spelling.",
    "option_a": "Questionaire",
    "option_b": "Questionnaire",
    "option_c": "Questionaire",
    "option_d": "Questionaire",
    "correct_option": "B"
  }
},
{
  "model": "exams.question",
  "pk": 64,
  "fields": {
    "exam": 20,
    "text": "Choose the most suitable option to complete the sentence: 'The man was ______ of murder.'",
    "option_a": "accused",
    "option_b": "charged",
    "option_c": "convicted",
    "option_d": "sentenced",
    "correct_option": "A"
  }
},
{
  "model": "exams.question",
  "pk": 65,
  "fields": {
    "exam": 20,
    "text": "What is the antonym of 'Obscure'?",
    "option_a": "Hidden",
    "option_b": "Clear",
    "option_c": "Vague",
    "option_d": "Dark",
    "correct_option": "B"
  }
},
{
  "model": "exams.question",
  "pk": 66,
  "fields": {
    "exam": 20,
    "text": "Select the correct spelling.",
    "option_a": "Questionaire",
    "option_b": "Questionnaire",
    "option_c": "Questionaire",
    "option_d": "Questionaire",
    "correct_option": "B"
  }
},
{
  "model": "exams.question",
  "pk": 67,
  "fields": {
    "exam": 21,
    "text": "What is the antonym of 'Obscure'?",
    "option_a": "Hidden",
    "option_b": "Clear",
    "option_c": "Vague",
    "option_d": "Dark",
    "correct_option": "B"
  }
},
{
  "model": "exams.question",
  "pk": 68,
  "fields": {
    "exam": 21,
    "text": "Choose the most suitable option to complete the sentence: 'The man was ______ of murder.'",
    "option_a": "accused",
    "option_b": "charged",
    "option_c": "convicted",
    "option_d": "sentenced",
    "correct_option": "A"
  }
},
{
  "model": "exams.question",
  "pk": 69,
  "fields": {
    "exam": 21,
    "text": "Select the correct spelling.",
    "option_a": "Questionaire",
    "option_b": "Questionnaire",
    "option_c": "Questionaire",
    "option_d": "Questionaire",
    "correct_option": "B"
  }
},
{
  "model": "exams.question",
  "pk": 70,
  "fields": {
    "exam": 22,
    "text": "Select the correct spelling.",
    "option_a": "Questionaire",
    "option_b": "Questionnaire",
    "option_c": "Questionaire",
    "option_d": "Questionaire",
    "correct_option": "B"
  }
},
{
  "model": "exams.question",
  "pk": 71,
  "fields": {
    "exam": 22,
    "text": "What is the antonym of 'Obscure'?",
    "option_a": "Hidden",
    "option_b": "Clear",
    "option_c": "Vague",
    "option_d": "Dark",
    "correct_option": "B"
  }
},
{
  "model": "exams.question",
  "pk": 72,
  "fields": {
    "exam": 22,
    "text": "Choose the most suitable option to complete the sentence: 'The man was ______ of murder.'",
    "option_a": "accused",
    "option_b": "charged",
    "option_c": "convicted",
    "option_d": "sentenced",
    "correct_option": "A"
  }
},
{
  "model": "exams.question",
  "pk": 73,
  "fields": {
    "exam": 5,
    "text": "What is the antonym of 'Obscure'?",
    "option_a": "Hidden",
    "option_b": "Clear",
    "option_c": "Vague",
    "option_d": "Dark",
    "correct_option": "B"
  }
},
{
  "model": "exams.question",
  "pk": 74,
  "fields": {
    "exam": 5,
    "text": "Choose the most suitable option to complete the sentence: 'The man was ______ of murder.'",
    "option_a": "accused",
    "option_b": "charged",
    "option_c": "convicted",
    "option_d": "sentenced",
    "correct_option": "A"
  }
},
{
  "model": "exams.question",
  "pk": 75,
  "fields": {
    "exam": 5,
    "text": "Select the correct spelling.",
    "option_a": "Questionaire",
    "option_b": "Questionnaire",
    "option_c": "Questionaire",
    "option_d": "Questionaire",
    "correct_option": "B"
  }
},
{
  "model": "exams.question",
  "pk": 76,
  "fields": {
    "exam": 23,
    "text": "Choose the most suitable option to complete the sentence: 'The man was ______ of murder.'",
    "option_a": "accused",
    "option_b": "charged",
    "option_c": "convicted",
    "option_d": "sentenced",
    "correct_option": "A"
  }
},
{
  "model": "exams.question",
  "pk": 77,
  "fields": {
    "exam": 23,
    "text": "What is the antonym of 'Obscure'?",
    "option_a": "Hidden",
    "option_b": "Clear",
    "option_c": "Vague",
    "option_d": "Dark",
    "correct_option": "B"
  }
},
{
  "model": "exams.question",
  "pk": 78,
  "fields": {
    "exam": 23,
    "text": "Select the correct spelling.",
    "option_a": "Questionaire",
    "option_b": "Questionnaire",
    "option_c": "Questionaire",
    "option_d": "Questionaire",
    "correct_option": "B"
  }
},
{
  "model": "exams.question",
  "pk": 79,
  "fields": {
    "exam": 24,
    "text": "Select the correct spelling.",
    "option_a": "Questionaire",
    "option_b": "Questionnaire",
    "option_c": "Questionaire",
    "option_d": "Questionaire",
    "correct_option": "B"
  }
},
{
  "model": "exams.question",
  "pk": 80,
  "fields": {
    "exam": 24,
    "text": "Choose the most suitable option to complete the sentence: 'The man was ______ of murder.'",
    "option_a": "accused",
    "option_b": "charged",
    "option_c": "convicted",
    "option_d": "sentenced",
    "correct_option": "A"
  }
},
{
  "model": "exams.question",
  "pk": 81,
  "fields": {
    "exam": 24,
    "text": "What is the antonym of 'Obscure'?",
    "option_a": "Hidden",
    "option_b": "Clear",
    "option_c": "Vague",
    "option_d": "Dark",
    "correct_option": "B"
  }
},
{
  "model": "exams.question",
  "pk": 82,
  "fields": {
    "exam": 25,
    "text": "Choose the most suitable option to complete the sentence: 'The man was ______ of murder.'",
    "option_a": "accused",
    "option_b": "charged",
    "option_c": "convicted",
    "option_d": "sentenced",
    "correct_option": "A"
  }
},
{
  "model": "exams.question",
  "pk": 83,
  "fields": {
    "exam": 25,
    "text": "What is the antonym of 'Obscure'?",
    "option_a": "Hidden",
    "option_b": "Clear",
    "option_c": "Vague",
    "option_d": "Dark",
    "correct_option": "B"
  }
},
{
  "model": "exams.question",
  "pk": 84,
  "fields": {
    "exam": 25,
    "text": "Select the correct spelling.",
    "option_a": "Questionaire",
    "option_b": "Questionnaire",
    "option_c": "Questionaire",
    "option_d": "Questionaire",
    "correct_option": "B"
  }
},
{
  "model": "exams.examresult",
  "pk": 1,
  "fields": {
    "student": 16,
    "exam": 7,
    "score": "100.00",
    "total_questions": 1,
    "date_taken": "2026-03-30T14:42:22.339Z"
  }
},
{
  "model": "exams.examresult",
  "pk": 2,
  "fields": {
    "student": 16,
    "exam": 7,
    "score": "0.00",
    "total_questions": 1,
    "date_taken": "2026-03-30T14:50:19.465Z"
  }
},
{
  "model": "exams.examassignment",
  "pk": 1,
  "fields": {
    "exam": 4,
    "student": 8,
    "tutor": 44,
    "due_date": null,
    "is_completed": false,
    "created_at": "2026-03-30T14:17:17.562Z"
  }
},
{
  "model": "exams.examassignment",
  "pk": 2,
  "fields": {
    "exam": 7,
    "student": 16,
    "tutor": 44,
    "due_date": null,
    "is_completed": false,
    "created_at": "2026-03-30T14:29:10.038Z"
  }
},
{
  "model": "ai_engine.aigeneratedquestion",
  "pk": 1,
  "fields": {
    "subject": 1,
    "exam_type": "JAMB",
    "year_range": "2010-2023",
    "content": [
      {
        "id": 1,
        "text": "What is a fundamental concept in Mathematics (JAMB)?",
        "options": [
          "Option A",
          "Option B",
          "Option C",
          "Option D"
        ],
        "answer": "A"
      },
      {
        "id": 2,
        "text": "Explain the importance of Mathematics in modern JAMB exams.",
        "options": [
          "Critical",
          "Irrelevant",
          "Sometimes used",
          "None"
        ],
        "answer": "A"
      }
    ],
    "created_at": "2026-02-13T16:44:41.269Z"
  }
},
{
  "model": "ai_engine.aigeneratedquestion",
  "pk": 2,
  "fields": {
    "subject": 1,
    "exam_type": "JAMB",
    "year_range": "2010-2023",
    "content": [
      {
        "id": 1,
        "text": "What is a fundamental concept in Mathematics (JAMB)?",
        "options": [
          "Option A",
          "Option B",
          "Option C",
          "Option D"
        ],
        "answer": "A"
      },
      {
        "id": 2,
        "text": "Explain the importance of Mathematics in modern JAMB exams.",
        "options": [
          "Critical",
          "Irrelevant",
          "Sometimes used",
          "None"
        ],
        "answer": "A"
      }
    ],
    "created_at": "2026-02-13T16:44:44.121Z"
  }
},
{
  "model": "ai_engine.aigeneratedquestion",
  "pk": 3,
  "fields": {
    "subject": 1,
    "exam_type": "WAEC",
    "year_range": "2010-2023",
    "content": [
      {
        "id": 1,
        "text": "What is a fundamental concept in Mathematics (WAEC)?",
        "options": [
          "Option A",
          "Option B",
          "Option C",
          "Option D"
        ],
        "answer": "A"
      },
      {
        "id": 2,
        "text": "Explain the importance of Mathematics in modern WAEC exams.",
        "options": [
          "Critical",
          "Irrelevant",
          "Sometimes used",
          "None"
        ],
        "answer": "A"
      }
    ],
    "created_at": "2026-02-13T16:45:06.761Z"
  }
},
{
  "model": "ai_engine.aigeneratedquestion",
  "pk": 4,
  "fields": {
    "subject": 5,
    "exam_type": "WAEC",
    "year_range": "2010-2023",
    "content": [
      {
        "id": 1,
        "text": "What is a fundamental concept in Physics (WAEC)?",
        "options": [
          "Option A",
          "Option B",
          "Option C",
          "Option D"
        ],
        "answer": "A"
      },
      {
        "id": 2,
        "text": "Explain the importance of Physics in modern WAEC exams.",
        "options": [
          "Critical",
          "Irrelevant",
          "Sometimes used",
          "None"
        ],
        "answer": "A"
      }
    ],
    "created_at": "2026-02-13T16:45:29.226Z"
  }
},
{
  "model": "ai_engine.aigeneratedquestion",
  "pk": 5,
  "fields": {
    "subject": 2,
    "exam_type": "JAMB",
    "year_range": "2010-2023",
    "content": [
      {
        "id": 1,
        "text": "What is a fundamental concept in English Language (JAMB)?",
        "options": [
          "Option A",
          "Option B",
          "Option C",
          "Option D"
        ],
        "answer": "A"
      },
      {
        "id": 2,
        "text": "Explain the importance of English Language in modern JAMB exams.",
        "options": [
          "Critical",
          "Irrelevant",
          "Sometimes used",
          "None"
        ],
        "answer": "A"
      }
    ],
    "created_at": "2026-02-13T16:50:23.799Z"
  }
},
{
  "model": "ai_engine.aigeneratedquestion",
  "pk": 6,
  "fields": {
    "subject": 2,
    "exam_type": "JAMB",
    "year_range": "2010-2023",
    "content": [
      {
        "text": "Identify the noun in the sentence: 'The cat jumped over the fence.'",
        "options": [
          "The",
          "jumped",
          "cat",
          "over"
        ],
        "answer": "C",
        "id": 1
      },
      {
        "text": "What is the antonym of 'Beautiful'?",
        "options": [
          "Pretty",
          "Ugly",
          "Gorgeous",
          "Bright"
        ],
        "answer": "B",
        "id": 2
      },
      {
        "text": "Choose the correctly spelled word.",
        "options": [
          "Accomodation",
          "Accommodation",
          "Acommodation",
          "Accomodasion"
        ],
        "answer": "B",
        "id": 3
      },
      {
        "text": "The past tense of 'Go' is ______",
        "options": [
          "Goed",
          "Gone",
          "Went",
          "Going"
        ],
        "answer": "C",
        "id": 4
      },
      {
        "text": "Which of these is a conjunction?",
        "options": [
          "Fast",
          "And",
          "Run",
          "Slowly"
        ],
        "answer": "B",
        "id": 5
      },
      {
        "text": "The synonym of 'Large' is ______",
        "options": [
          "Small",
          "Tiny",
          "Huge",
          "Thin"
        ],
        "answer": "C",
        "id": 6
      },
      {
        "text": "Identify the adverb: 'She sings beautifully.'",
        "options": [
          "She",
          "sings",
          "beautifully",
          "sing"
        ],
        "answer": "C",
        "id": 7
      },
      {
        "text": "A person who writes books is an ______",
        "options": [
          "Actor",
          "Author",
          "Artist",
          "Athlete"
        ],
        "answer": "B",
        "id": 8
      },
      {
        "text": "Complete: I _____ to school every day.",
        "options": [
          "walked",
          "walk",
          "walking",
          "walks"
        ],
        "answer": "B",
        "id": 9
      },
      {
        "text": "What is the plural of 'Child'?",
        "options": [
          "Childs",
          "Children",
          "Childes",
          "Childrens"
        ],
        "answer": "B",
        "id": 10
      }
    ],
    "created_at": "2026-02-13T16:54:04.790Z"
  }
},
{
  "model": "ai_engine.aigeneratedquestion",
  "pk": 7,
  "fields": {
    "subject": 16,
    "exam_type": "JAMB",
    "year_range": "2010-2023",
    "content": [
      {
        "text": "Explain the concept of Data Processing in JAMB.",
        "options": [
          "Option A",
          "Option B",
          "Option C",
          "Option D"
        ],
        "answer": "A",
        "id": 1
      },
      {
        "text": "Why is Data Processing important for 2010-2023 exams?",
        "options": [
          "Option A",
          "Option B",
          "Option C",
          "Option D"
        ],
        "answer": "A",
        "id": 2
      },
      {
        "text": "What is the first step in studying Data Processing?",
        "options": [
          "Option A",
          "Option B",
          "Option C",
          "Option D"
        ],
        "answer": "A",
        "id": 3
      },
      {
        "text": "Define Data Processing in your own words.",
        "options": [
          "Option A",
          "Option B",
          "Option C",
          "Option D"
        ],
        "answer": "A",
        "id": 4
      },
      {
        "text": "How do you solve a problem in Data Processing?",
        "options": [
          "Option A",
          "Option B",
          "Option C",
          "Option D"
        ],
        "answer": "A",
        "id": 5
      }
    ],
    "created_at": "2026-02-13T20:01:48.809Z"
  }
},
{
  "model": "ai_engine.aigeneratedquestion",
  "pk": 8,
  "fields": {
    "subject": 1,
    "exam_type": "JAMB",
    "year_range": "2010-2023",
    "content": [
      {
        "text": "What is the value of 5x + 3 = 18?",
        "options": [
          "x=3",
          "x=5",
          "x=2",
          "x=4"
        ],
        "answer": "A",
        "id": 1
      },
      {
        "text": "Find the square root of 625.",
        "options": [
          "20",
          "25",
          "30",
          "15"
        ],
        "answer": "B",
        "id": 2
      },
      {
        "text": "What is the area of a circle with radius 7? (Use π=22/7)",
        "options": [
          "154",
          "49",
          "44",
          "77"
        ],
        "answer": "A",
        "id": 3
      },
      {
        "text": "Solve for y: y/4 = 12",
        "options": [
          "3",
          "48",
          "16",
          "36"
        ],
        "answer": "B",
        "id": 4
      },
      {
        "text": "What is the sum of angles in a triangle?",
        "options": [
          "90°",
          "360°",
          "180°",
          "270°"
        ],
        "answer": "C",
        "id": 5
      },
      {
        "text": "If a car travels 100km in 2 hours, what is its speed?",
        "options": [
          "200km/h",
          "50km/h",
          "25km/h",
          "75km/h"
        ],
        "answer": "B",
        "id": 6
      },
      {
        "text": "What is 20% of 500?",
        "options": [
          "50",
          "100",
          "200",
          "25"
        ],
        "answer": "B",
        "id": 7
      },
      {
        "text": "Find the median of: 2, 5, 8, 12, 15",
        "options": [
          "5",
          "8",
          "12",
          "10"
        ],
        "answer": "B",
        "id": 8
      },
      {
        "text": "Simplify: 2a + 3b - a + b",
        "options": [
          "a + 4b",
          "3a + 2b",
          "a + 2b",
          "2a + b"
        ],
        "answer": "A",
        "id": 9
      },
      {
        "text": "What is the cube root of 27?",
        "options": [
          "9",
          "6",
          "3",
          "13.5"
        ],
        "answer": "C",
        "id": 10
      }
    ],
    "created_at": "2026-02-22T15:25:02.776Z"
  }
},
{
  "model": "ai_engine.aigeneratedquestion",
  "pk": 9,
  "fields": {
    "subject": 1,
    "exam_type": "WAEC",
    "year_range": "2010-2023",
    "content": [
      {
        "text": "What is the value of 5x + 3 = 18?",
        "options": [
          "x=3",
          "x=5",
          "x=2",
          "x=4"
        ],
        "answer": "A",
        "id": 1
      },
      {
        "text": "Find the square root of 625.",
        "options": [
          "20",
          "25",
          "30",
          "15"
        ],
        "answer": "B",
        "id": 2
      },
      {
        "text": "What is the area of a circle with radius 7? (Use π=22/7)",
        "options": [
          "154",
          "49",
          "44",
          "77"
        ],
        "answer": "A",
        "id": 3
      },
      {
        "text": "Solve for y: y/4 = 12",
        "options": [
          "3",
          "48",
          "16",
          "36"
        ],
        "answer": "B",
        "id": 4
      },
      {
        "text": "What is the sum of angles in a triangle?",
        "options": [
          "90°",
          "360°",
          "180°",
          "270°"
        ],
        "answer": "C",
        "id": 5
      },
      {
        "text": "If a car travels 100km in 2 hours, what is its speed?",
        "options": [
          "200km/h",
          "50km/h",
          "25km/h",
          "75km/h"
        ],
        "answer": "B",
        "id": 6
      },
      {
        "text": "What is 20% of 500?",
        "options": [
          "50",
          "100",
          "200",
          "25"
        ],
        "answer": "B",
        "id": 7
      },
      {
        "text": "Find the median of: 2, 5, 8, 12, 15",
        "options": [
          "5",
          "8",
          "12",
          "10"
        ],
        "answer": "B",
        "id": 8
      },
      {
        "text": "Simplify: 2a + 3b - a + b",
        "options": [
          "a + 4b",
          "3a + 2b",
          "a + 2b",
          "2a + b"
        ],
        "answer": "A",
        "id": 9
      },
      {
        "text": "What is the cube root of 27?",
        "options": [
          "9",
          "6",
          "3",
          "13.5"
        ],
        "answer": "C",
        "id": 10
      }
    ],
    "created_at": "2026-02-22T15:25:33.517Z"
  }
},
{
  "model": "ai_engine.aigeneratedquestion",
  "pk": 10,
  "fields": {
    "subject": 1,
    "exam_type": "NECO",
    "year_range": "2010-2023",
    "content": [
      {
        "text": "What is the value of 5x + 3 = 18?",
        "options": [
          "x=3",
          "x=5",
          "x=2",
          "x=4"
        ],
        "answer": "A",
        "id": 1
      },
      {
        "text": "Find the square root of 625.",
        "options": [
          "20",
          "25",
          "30",
          "15"
        ],
        "answer": "B",
        "id": 2
      },
      {
        "text": "What is the area of a circle with radius 7? (Use π=22/7)",
        "options": [
          "154",
          "49",
          "44",
          "77"
        ],
        "answer": "A",
        "id": 3
      },
      {
        "text": "Solve for y: y/4 = 12",
        "options": [
          "3",
          "48",
          "16",
          "36"
        ],
        "answer": "B",
        "id": 4
      },
      {
        "text": "What is the sum of angles in a triangle?",
        "options": [
          "90°",
          "360°",
          "180°",
          "270°"
        ],
        "answer": "C",
        "id": 5
      },
      {
        "text": "If a car travels 100km in 2 hours, what is its speed?",
        "options": [
          "200km/h",
          "50km/h",
          "25km/h",
          "75km/h"
        ],
        "answer": "B",
        "id": 6
      },
      {
        "text": "What is 20% of 500?",
        "options": [
          "50",
          "100",
          "200",
          "25"
        ],
        "answer": "B",
        "id": 7
      },
      {
        "text": "Find the median of: 2, 5, 8, 12, 15",
        "options": [
          "5",
          "8",
          "12",
          "10"
        ],
        "answer": "B",
        "id": 8
      },
      {
        "text": "Simplify: 2a + 3b - a + b",
        "options": [
          "a + 4b",
          "3a + 2b",
          "a + 2b",
          "2a + b"
        ],
        "answer": "A",
        "id": 9
      },
      {
        "text": "What is the cube root of 27?",
        "options": [
          "9",
          "6",
          "3",
          "13.5"
        ],
        "answer": "C",
        "id": 10
      }
    ],
    "created_at": "2026-02-22T15:25:44.355Z"
  }
},
{
  "model": "ai_engine.aigeneratedquestion",
  "pk": 11,
  "fields": {
    "subject": 9,
    "exam_type": "WAEC",
    "year_range": "2010-2023",
    "content": [
      {
        "text": "Explain the concept of Civic Education in WAEC.",
        "options": [
          "Option A",
          "Option B",
          "Option C",
          "Option D"
        ],
        "answer": "A",
        "id": 1
      },
      {
        "text": "Why is Civic Education important for 2010-2023 exams?",
        "options": [
          "Option A",
          "Option B",
          "Option C",
          "Option D"
        ],
        "answer": "A",
        "id": 2
      },
      {
        "text": "What is the first step in studying Civic Education?",
        "options": [
          "Option A",
          "Option B",
          "Option C",
          "Option D"
        ],
        "answer": "A",
        "id": 3
      },
      {
        "text": "Define Civic Education in your own words.",
        "options": [
          "Option A",
          "Option B",
          "Option C",
          "Option D"
        ],
        "answer": "A",
        "id": 4
      },
      {
        "text": "How do you solve a problem in Civic Education?",
        "options": [
          "Option A",
          "Option B",
          "Option C",
          "Option D"
        ],
        "answer": "A",
        "id": 5
      }
    ],
    "created_at": "2026-02-22T15:26:01.481Z"
  }
},
{
  "model": "ai_engine.aigeneratedquestion",
  "pk": 12,
  "fields": {
    "subject": 11,
    "exam_type": "WAEC",
    "year_range": "2010-2023",
    "content": [
      {
        "text": "Explain the concept of Christian Religious Studies in WAEC.",
        "options": [
          "Option A",
          "Option B",
          "Option C",
          "Option D"
        ],
        "answer": "A",
        "id": 1
      },
      {
        "text": "Why is Christian Religious Studies important for 2010-2023 exams?",
        "options": [
          "Option A",
          "Option B",
          "Option C",
          "Option D"
        ],
        "answer": "A",
        "id": 2
      },
      {
        "text": "What is the first step in studying Christian Religious Studies?",
        "options": [
          "Option A",
          "Option B",
          "Option C",
          "Option D"
        ],
        "answer": "A",
        "id": 3
      },
      {
        "text": "Define Christian Religious Studies in your own words.",
        "options": [
          "Option A",
          "Option B",
          "Option C",
          "Option D"
        ],
        "answer": "A",
        "id": 4
      },
      {
        "text": "How do you solve a problem in Christian Religious Studies?",
        "options": [
          "Option A",
          "Option B",
          "Option C",
          "Option D"
        ],
        "answer": "A",
        "id": 5
      }
    ],
    "created_at": "2026-02-22T15:26:38.761Z"
  }
},
{
  "model": "ai_engine.aigeneratedquestion",
  "pk": 13,
  "fields": {
    "subject": 11,
    "exam_type": "WAEC",
    "year_range": "2010-2023",
    "content": [
      {
        "text": "Explain the concept of Christian Religious Studies in WAEC.",
        "options": [
          "Option A",
          "Option B",
          "Option C",
          "Option D"
        ],
        "answer": "A",
        "id": 1
      },
      {
        "text": "Why is Christian Religious Studies important for 2010-2023 exams?",
        "options": [
          "Option A",
          "Option B",
          "Option C",
          "Option D"
        ],
        "answer": "A",
        "id": 2
      },
      {
        "text": "What is the first step in studying Christian Religious Studies?",
        "options": [
          "Option A",
          "Option B",
          "Option C",
          "Option D"
        ],
        "answer": "A",
        "id": 3
      },
      {
        "text": "Define Christian Religious Studies in your own words.",
        "options": [
          "Option A",
          "Option B",
          "Option C",
          "Option D"
        ],
        "answer": "A",
        "id": 4
      },
      {
        "text": "How do you solve a problem in Christian Religious Studies?",
        "options": [
          "Option A",
          "Option B",
          "Option C",
          "Option D"
        ],
        "answer": "A",
        "id": 5
      }
    ],
    "created_at": "2026-02-22T15:26:39.136Z"
  }
},
{
  "model": "ai_engine.aigeneratedquestion",
  "pk": 14,
  "fields": {
    "subject": 11,
    "exam_type": "WAEC",
    "year_range": "2010-2023",
    "content": [
      {
        "text": "Explain the concept of Christian Religious Studies in WAEC.",
        "options": [
          "Option A",
          "Option B",
          "Option C",
          "Option D"
        ],
        "answer": "A",
        "id": 1
      },
      {
        "text": "Why is Christian Religious Studies important for 2010-2023 exams?",
        "options": [
          "Option A",
          "Option B",
          "Option C",
          "Option D"
        ],
        "answer": "A",
        "id": 2
      },
      {
        "text": "What is the first step in studying Christian Religious Studies?",
        "options": [
          "Option A",
          "Option B",
          "Option C",
          "Option D"
        ],
        "answer": "A",
        "id": 3
      },
      {
        "text": "Define Christian Religious Studies in your own words.",
        "options": [
          "Option A",
          "Option B",
          "Option C",
          "Option D"
        ],
        "answer": "A",
        "id": 4
      },
      {
        "text": "How do you solve a problem in Christian Religious Studies?",
        "options": [
          "Option A",
          "Option B",
          "Option C",
          "Option D"
        ],
        "answer": "A",
        "id": 5
      }
    ],
    "created_at": "2026-02-22T15:28:15.560Z"
  }
},
{
  "model": "ai_engine.aigeneratedquestion",
  "pk": 15,
  "fields": {
    "subject": 11,
    "exam_type": "JAMB",
    "year_range": "2010-2023",
    "content": [
      {
        "text": "Explain the concept of Christian Religious Studies in JAMB.",
        "options": [
          "Option A",
          "Option B",
          "Option C",
          "Option D"
        ],
        "answer": "A",
        "id": 1
      },
      {
        "text": "Why is Christian Religious Studies important for 2010-2023 exams?",
        "options": [
          "Option A",
          "Option B",
          "Option C",
          "Option D"
        ],
        "answer": "A",
        "id": 2
      },
      {
        "text": "What is the first step in studying Christian Religious Studies?",
        "options": [
          "Option A",
          "Option B",
          "Option C",
          "Option D"
        ],
        "answer": "A",
        "id": 3
      },
      {
        "text": "Define Christian Religious Studies in your own words.",
        "options": [
          "Option A",
          "Option B",
          "Option C",
          "Option D"
        ],
        "answer": "A",
        "id": 4
      },
      {
        "text": "How do you solve a problem in Christian Religious Studies?",
        "options": [
          "Option A",
          "Option B",
          "Option C",
          "Option D"
        ],
        "answer": "A",
        "id": 5
      }
    ],
    "created_at": "2026-02-22T15:28:21.398Z"
  }
},
{
  "model": "ai_engine.aigeneratedquestion",
  "pk": 16,
  "fields": {
    "subject": 11,
    "exam_type": "JAMB",
    "year_range": "2010-2023",
    "content": [
      {
        "text": "Explain the concept of Christian Religious Studies in JAMB.",
        "options": [
          "Option A",
          "Option B",
          "Option C",
          "Option D"
        ],
        "answer": "A",
        "id": 1
      },
      {
        "text": "Why is Christian Religious Studies important for 2010-2023 exams?",
        "options": [
          "Option A",
          "Option B",
          "Option C",
          "Option D"
        ],
        "answer": "A",
        "id": 2
      },
      {
        "text": "What is the first step in studying Christian Religious Studies?",
        "options": [
          "Option A",
          "Option B",
          "Option C",
          "Option D"
        ],
        "answer": "A",
        "id": 3
      },
      {
        "text": "Define Christian Religious Studies in your own words.",
        "options": [
          "Option A",
          "Option B",
          "Option C",
          "Option D"
        ],
        "answer": "A",
        "id": 4
      },
      {
        "text": "How do you solve a problem in Christian Religious Studies?",
        "options": [
          "Option A",
          "Option B",
          "Option C",
          "Option D"
        ],
        "answer": "A",
        "id": 5
      }
    ],
    "created_at": "2026-02-22T15:28:24.626Z"
  }
},
{
  "model": "ai_engine.aigeneratedquestion",
  "pk": 17,
  "fields": {
    "subject": 11,
    "exam_type": "JAMB",
    "year_range": "2010-2023",
    "content": [
      {
        "text": "Explain the concept of Christian Religious Studies in JAMB.",
        "options": [
          "Option A",
          "Option B",
          "Option C",
          "Option D"
        ],
        "answer": "A",
        "id": 1
      },
      {
        "text": "Why is Christian Religious Studies important for 2010-2023 exams?",
        "options": [
          "Option A",
          "Option B",
          "Option C",
          "Option D"
        ],
        "answer": "A",
        "id": 2
      },
      {
        "text": "What is the first step in studying Christian Religious Studies?",
        "options": [
          "Option A",
          "Option B",
          "Option C",
          "Option D"
        ],
        "answer": "A",
        "id": 3
      },
      {
        "text": "Define Christian Religious Studies in your own words.",
        "options": [
          "Option A",
          "Option B",
          "Option C",
          "Option D"
        ],
        "answer": "A",
        "id": 4
      },
      {
        "text": "How do you solve a problem in Christian Religious Studies?",
        "options": [
          "Option A",
          "Option B",
          "Option C",
          "Option D"
        ],
        "answer": "A",
        "id": 5
      }
    ],
    "created_at": "2026-02-22T15:28:26.457Z"
  }
},
{
  "model": "ai_engine.aigeneratedquestion",
  "pk": 18,
  "fields": {
    "subject": 11,
    "exam_type": "JAMB",
    "year_range": "2010-2023",
    "content": [
      {
        "text": "Explain the concept of Christian Religious Studies in JAMB.",
        "options": [
          "Option A",
          "Option B",
          "Option C",
          "Option D"
        ],
        "answer": "A",
        "id": 1
      },
      {
        "text": "Why is Christian Religious Studies important for 2010-2023 exams?",
        "options": [
          "Option A",
          "Option B",
          "Option C",
          "Option D"
        ],
        "answer": "A",
        "id": 2
      },
      {
        "text": "What is the first step in studying Christian Religious Studies?",
        "options": [
          "Option A",
          "Option B",
          "Option C",
          "Option D"
        ],
        "answer": "A",
        "id": 3
      },
      {
        "text": "Define Christian Religious Studies in your own words.",
        "options": [
          "Option A",
          "Option B",
          "Option C",
          "Option D"
        ],
        "answer": "A",
        "id": 4
      },
      {
        "text": "How do you solve a problem in Christian Religious Studies?",
        "options": [
          "Option A",
          "Option B",
          "Option C",
          "Option D"
        ],
        "answer": "A",
        "id": 5
      }
    ],
    "created_at": "2026-02-22T15:28:28.425Z"
  }
},
{
  "model": "ai_engine.aigeneratedquestion",
  "pk": 19,
  "fields": {
    "subject": 11,
    "exam_type": "JAMB",
    "year_range": "2010-2023",
    "content": [
      {
        "text": "Explain the concept of Christian Religious Studies in JAMB.",
        "options": [
          "Option A",
          "Option B",
          "Option C",
          "Option D"
        ],
        "answer": "A",
        "id": 1
      },
      {
        "text": "Why is Christian Religious Studies important for 2010-2023 exams?",
        "options": [
          "Option A",
          "Option B",
          "Option C",
          "Option D"
        ],
        "answer": "A",
        "id": 2
      },
      {
        "text": "What is the first step in studying Christian Religious Studies?",
        "options": [
          "Option A",
          "Option B",
          "Option C",
          "Option D"
        ],
        "answer": "A",
        "id": 3
      },
      {
        "text": "Define Christian Religious Studies in your own words.",
        "options": [
          "Option A",
          "Option B",
          "Option C",
          "Option D"
        ],
        "answer": "A",
        "id": 4
      },
      {
        "text": "How do you solve a problem in Christian Religious Studies?",
        "options": [
          "Option A",
          "Option B",
          "Option C",
          "Option D"
        ],
        "answer": "A",
        "id": 5
      }
    ],
    "created_at": "2026-02-22T15:28:29.637Z"
  }
},
{
  "model": "ai_engine.aigeneratedquestion",
  "pk": 20,
  "fields": {
    "subject": 11,
    "exam_type": "JAMB",
    "year_range": "2010-2023",
    "content": [
      {
        "text": "Explain the concept of Christian Religious Studies in JAMB.",
        "options": [
          "Option A",
          "Option B",
          "Option C",
          "Option D"
        ],
        "answer": "A",
        "id": 1
      },
      {
        "text": "Why is Christian Religious Studies important for 2010-2023 exams?",
        "options": [
          "Option A",
          "Option B",
          "Option C",
          "Option D"
        ],
        "answer": "A",
        "id": 2
      },
      {
        "text": "What is the first step in studying Christian Religious Studies?",
        "options": [
          "Option A",
          "Option B",
          "Option C",
          "Option D"
        ],
        "answer": "A",
        "id": 3
      },
      {
        "text": "Define Christian Religious Studies in your own words.",
        "options": [
          "Option A",
          "Option B",
          "Option C",
          "Option D"
        ],
        "answer": "A",
        "id": 4
      },
      {
        "text": "How do you solve a problem in Christian Religious Studies?",
        "options": [
          "Option A",
          "Option B",
          "Option C",
          "Option D"
        ],
        "answer": "A",
        "id": 5
      }
    ],
    "created_at": "2026-02-22T15:28:30.778Z"
  }
},
{
  "model": "ai_engine.aigeneratedquestion",
  "pk": 21,
  "fields": {
    "subject": 11,
    "exam_type": "WAEC",
    "year_range": "2010-2023",
    "content": [
      {
        "text": "Explain the concept of Christian Religious Studies in WAEC.",
        "options": [
          "Option A",
          "Option B",
          "Option C",
          "Option D"
        ],
        "answer": "A",
        "id": 1
      },
      {
        "text": "Why is Christian Religious Studies important for 2010-2023 exams?",
        "options": [
          "Option A",
          "Option B",
          "Option C",
          "Option D"
        ],
        "answer": "A",
        "id": 2
      },
      {
        "text": "What is the first step in studying Christian Religious Studies?",
        "options": [
          "Option A",
          "Option B",
          "Option C",
          "Option D"
        ],
        "answer": "A",
        "id": 3
      },
      {
        "text": "Define Christian Religious Studies in your own words.",
        "options": [
          "Option A",
          "Option B",
          "Option C",
          "Option D"
        ],
        "answer": "A",
        "id": 4
      },
      {
        "text": "How do you solve a problem in Christian Religious Studies?",
        "options": [
          "Option A",
          "Option B",
          "Option C",
          "Option D"
        ],
        "answer": "A",
        "id": 5
      }
    ],
    "created_at": "2026-02-22T15:28:59.071Z"
  }
},
{
  "model": "ai_engine.aigeneratedquestion",
  "pk": 22,
  "fields": {
    "subject": 11,
    "exam_type": "WAEC",
    "year_range": "2010-2023",
    "content": [
      {
        "text": "Explain the concept of Christian Religious Studies in WAEC.",
        "options": [
          "Option A",
          "Option B",
          "Option C",
          "Option D"
        ],
        "answer": "A",
        "id": 1
      },
      {
        "text": "Why is Christian Religious Studies important for 2010-2023 exams?",
        "options": [
          "Option A",
          "Option B",
          "Option C",
          "Option D"
        ],
        "answer": "A",
        "id": 2
      },
      {
        "text": "What is the first step in studying Christian Religious Studies?",
        "options": [
          "Option A",
          "Option B",
          "Option C",
          "Option D"
        ],
        "answer": "A",
        "id": 3
      },
      {
        "text": "Define Christian Religious Studies in your own words.",
        "options": [
          "Option A",
          "Option B",
          "Option C",
          "Option D"
        ],
        "answer": "A",
        "id": 4
      },
      {
        "text": "How do you solve a problem in Christian Religious Studies?",
        "options": [
          "Option A",
          "Option B",
          "Option C",
          "Option D"
        ],
        "answer": "A",
        "id": 5
      }
    ],
    "created_at": "2026-02-22T15:29:01.883Z"
  }
},
{
  "model": "ai_engine.aigeneratedquestion",
  "pk": 23,
  "fields": {
    "subject": 11,
    "exam_type": "NECO",
    "year_range": "2010-2023",
    "content": [
      {
        "text": "Explain the concept of Christian Religious Studies in NECO.",
        "options": [
          "Option A",
          "Option B",
          "Option C",
          "Option D"
        ],
        "answer": "A",
        "id": 1
      },
      {
        "text": "Why is Christian Religious Studies important for 2010-2023 exams?",
        "options": [
          "Option A",
          "Option B",
          "Option C",
          "Option D"
        ],
        "answer": "A",
        "id": 2
      },
      {
        "text": "What is the first step in studying Christian Religious Studies?",
        "options": [
          "Option A",
          "Option B",
          "Option C",
          "Option D"
        ],
        "answer": "A",
        "id": 3
      },
      {
        "text": "Define Christian Religious Studies in your own words.",
        "options": [
          "Option A",
          "Option B",
          "Option C",
          "Option D"
        ],
        "answer": "A",
        "id": 4
      },
      {
        "text": "How do you solve a problem in Christian Religious Studies?",
        "options": [
          "Option A",
          "Option B",
          "Option C",
          "Option D"
        ],
        "answer": "A",
        "id": 5
      }
    ],
    "created_at": "2026-02-22T15:29:06.115Z"
  }
},
{
  "model": "ai_engine.aigeneratedquestion",
  "pk": 24,
  "fields": {
    "subject": 8,
    "exam_type": "JAMB",
    "year_range": "2010-2023",
    "content": [
      {
        "text": "Explain the concept of Literature in English in JAMB.",
        "options": [
          "Option A",
          "Option B",
          "Option C",
          "Option D"
        ],
        "answer": "A",
        "id": 1
      },
      {
        "text": "Why is Literature in English important for 2010-2023 exams?",
        "options": [
          "Option A",
          "Option B",
          "Option C",
          "Option D"
        ],
        "answer": "A",
        "id": 2
      },
      {
        "text": "What is the first step in studying Literature in English?",
        "options": [
          "Option A",
          "Option B",
          "Option C",
          "Option D"
        ],
        "answer": "A",
        "id": 3
      },
      {
        "text": "Define Literature in English in your own words.",
        "options": [
          "Option A",
          "Option B",
          "Option C",
          "Option D"
        ],
        "answer": "A",
        "id": 4
      },
      {
        "text": "How do you solve a problem in Literature in English?",
        "options": [
          "Option A",
          "Option B",
          "Option C",
          "Option D"
        ],
        "answer": "A",
        "id": 5
      }
    ],
    "created_at": "2026-02-22T15:32:08.970Z"
  }
},
{
  "model": "ai_engine.aigeneratedquestion",
  "pk": 25,
  "fields": {
    "subject": 5,
    "exam_type": "WAEC",
    "year_range": "2010-2023",
    "content": [
      {
        "text": "Explain the concept of Physics in WAEC.",
        "options": [
          "Option A",
          "Option B",
          "Option C",
          "Option D"
        ],
        "answer": "A",
        "id": 1
      },
      {
        "text": "Why is Physics important for 2010-2023 exams?",
        "options": [
          "Option A",
          "Option B",
          "Option C",
          "Option D"
        ],
        "answer": "A",
        "id": 2
      },
      {
        "text": "What is the first step in studying Physics?",
        "options": [
          "Option A",
          "Option B",
          "Option C",
          "Option D"
        ],
        "answer": "A",
        "id": 3
      },
      {
        "text": "Define Physics in your own words.",
        "options": [
          "Option A",
          "Option B",
          "Option C",
          "Option D"
        ],
        "answer": "A",
        "id": 4
      },
      {
        "text": "How do you solve a problem in Physics?",
        "options": [
          "Option A",
          "Option B",
          "Option C",
          "Option D"
        ],
        "answer": "A",
        "id": 5
      }
    ],
    "created_at": "2026-03-15T14:41:06.103Z"
  }
},
{
  "model": "ai_engine.aigeneratedquestion",
  "pk": 26,
  "fields": {
    "subject": 9,
    "exam_type": "JAMB",
    "year_range": "2010-2023",
    "content": [
      {
        "text": "What is the future outlook for Civic Education?",
        "options": [
          "Option A",
          "Option B",
          "Option C",
          "Option D"
        ],
        "answer": "A",
        "id": 1
      },
      {
        "text": "Identify the key pioneers in Civic Education.",
        "options": [
          "Option A",
          "Option B",
          "Option C",
          "Option D"
        ],
        "answer": "A",
        "id": 2
      },
      {
        "text": "How do you solve a problem in Civic Education?",
        "options": [
          "Option A",
          "Option B",
          "Option C",
          "Option D"
        ],
        "answer": "A",
        "id": 3
      },
      {
        "text": "Explain the concept of Civic Education in JAMB.",
        "options": [
          "Option A",
          "Option B",
          "Option C",
          "Option D"
        ],
        "answer": "A",
        "id": 4
      },
      {
        "text": "Discuss the applications of Civic Education.",
        "options": [
          "Option A",
          "Option B",
          "Option C",
          "Option D"
        ],
        "answer": "A",
        "id": 5
      },
      {
        "text": "Compare and contrast the main paradigms in Civic Education.",
        "options": [
          "Option A",
          "Option B",
          "Option C",
          "Option D"
        ],
        "answer": "A",
        "id": 6
      },
      {
        "text": "What are the ethical considerations in Civic Education?",
        "options": [
          "Option A",
          "Option B",
          "Option C",
          "Option D"
        ],
        "answer": "A",
        "id": 7
      },
      {
        "text": "What are the common challenges in learning Civic Education?",
        "options": [
          "Option A",
          "Option B",
          "Option C",
          "Option D"
        ],
        "answer": "A",
        "id": 8
      },
      {
        "text": "Summarize the recent advancements in Civic Education.",
        "options": [
          "Option A",
          "Option B",
          "Option C",
          "Option D"
        ],
        "answer": "A",
        "id": 9
      },
      {
        "text": "What are the major theories of Civic Education?",
        "options": [
          "Option A",
          "Option B",
          "Option C",
          "Option D"
        ],
        "answer": "A",
        "id": 10
      }
    ],
    "created_at": "2026-03-15T15:49:33.029Z"
  }
},
{
  "model": "ai_engine.aigeneratedquestion",
  "pk": 27,
  "fields": {
    "subject": 9,
    "exam_type": "JAMB",
    "year_range": "2010-2023",
    "content": [
      {
        "text": "How do you solve a problem in Civic Education?",
        "options": [
          "Option A",
          "Option B",
          "Option C",
          "Option D"
        ],
        "answer": "A",
        "id": 1
      },
      {
        "text": "Why is Civic Education important for 2010-2023 exams?",
        "options": [
          "Option A",
          "Option B",
          "Option C",
          "Option D"
        ],
        "answer": "A",
        "id": 2
      },
      {
        "text": "Compare and contrast the main paradigms in Civic Education.",
        "options": [
          "Option A",
          "Option B",
          "Option C",
          "Option D"
        ],
        "answer": "A",
        "id": 3
      },
      {
        "text": "Explain the concept of Civic Education in JAMB.",
        "options": [
          "Option A",
          "Option B",
          "Option C",
          "Option D"
        ],
        "answer": "A",
        "id": 4
      },
      {
        "text": "What is the first step in studying Civic Education?",
        "options": [
          "Option A",
          "Option B",
          "Option C",
          "Option D"
        ],
        "answer": "A",
        "id": 5
      },
      {
        "text": "What are the common challenges in learning Civic Education?",
        "options": [
          "Option A",
          "Option B",
          "Option C",
          "Option D"
        ],
        "answer": "A",
        "id": 6
      },
      {
        "text": "Summarize the recent advancements in Civic Education.",
        "options": [
          "Option A",
          "Option B",
          "Option C",
          "Option D"
        ],
        "answer": "A",
        "id": 7
      },
      {
        "text": "What are the ethical considerations in Civic Education?",
        "options": [
          "Option A",
          "Option B",
          "Option C",
          "Option D"
        ],
        "answer": "A",
        "id": 8
      },
      {
        "text": "Define Civic Education in your own words.",
        "options": [
          "Option A",
          "Option B",
          "Option C",
          "Option D"
        ],
        "answer": "A",
        "id": 9
      },
      {
        "text": "Discuss the applications of Civic Education.",
        "options": [
          "Option A",
          "Option B",
          "Option C",
          "Option D"
        ],
        "answer": "A",
        "id": 10
      }
    ],
    "created_at": "2026-03-15T15:49:45.004Z"
  }
},
{
  "model": "ai_engine.aigeneratedquestion",
  "pk": 28,
  "fields": {
    "subject": 9,
    "exam_type": "JAMB",
    "year_range": "2010-2023",
    "content": [
      {
        "text": "What are the ethical considerations in Civic Education?",
        "options": [
          "Option A",
          "Option B",
          "Option C",
          "Option D"
        ],
        "answer": "A",
        "id": 1
      },
      {
        "text": "Identify the key pioneers in Civic Education.",
        "options": [
          "Option A",
          "Option B",
          "Option C",
          "Option D"
        ],
        "answer": "A",
        "id": 2
      },
      {
        "text": "Compare and contrast the main paradigms in Civic Education.",
        "options": [
          "Option A",
          "Option B",
          "Option C",
          "Option D"
        ],
        "answer": "A",
        "id": 3
      },
      {
        "text": "What is the future outlook for Civic Education?",
        "options": [
          "Option A",
          "Option B",
          "Option C",
          "Option D"
        ],
        "answer": "A",
        "id": 4
      },
      {
        "text": "What is the first step in studying Civic Education?",
        "options": [
          "Option A",
          "Option B",
          "Option C",
          "Option D"
        ],
        "answer": "A",
        "id": 5
      },
      {
        "text": "Explain the concept of Civic Education in JAMB.",
        "options": [
          "Option A",
          "Option B",
          "Option C",
          "Option D"
        ],
        "answer": "A",
        "id": 6
      },
      {
        "text": "Summarize the recent advancements in Civic Education.",
        "options": [
          "Option A",
          "Option B",
          "Option C",
          "Option D"
        ],
        "answer": "A",
        "id": 7
      },
      {
        "text": "Why is Civic Education important for 2010-2023 exams?",
        "options": [
          "Option A",
          "Option B",
          "Option C",
          "Option D"
        ],
        "answer": "A",
        "id": 8
      },
      {
        "text": "How do you solve a problem in Civic Education?",
        "options": [
          "Option A",
          "Option B",
          "Option C",
          "Option D"
        ],
        "answer": "A",
        "id": 9
      },
      {
        "text": "What are the major theories of Civic Education?",
        "options": [
          "Option A",
          "Option B",
          "Option C",
          "Option D"
        ],
        "answer": "A",
        "id": 10
      }
    ],
    "created_at": "2026-03-15T15:49:51.152Z"
  }
},
{
  "model": "ai_engine.aigeneratedquestion",
  "pk": 29,
  "fields": {
    "subject": 9,
    "exam_type": "JAMB",
    "year_range": "2010-2023",
    "content": [
      {
        "text": "Discuss the applications of Civic Education.",
        "options": [
          "Option A",
          "Option B",
          "Option C",
          "Option D"
        ],
        "answer": "A",
        "id": 1
      },
      {
        "text": "Explain the concept of Civic Education in JAMB.",
        "options": [
          "Option A",
          "Option B",
          "Option C",
          "Option D"
        ],
        "answer": "A",
        "id": 2
      },
      {
        "text": "Compare and contrast the main paradigms in Civic Education.",
        "options": [
          "Option A",
          "Option B",
          "Option C",
          "Option D"
        ],
        "answer": "A",
        "id": 3
      },
      {
        "text": "How do you solve a problem in Civic Education?",
        "options": [
          "Option A",
          "Option B",
          "Option C",
          "Option D"
        ],
        "answer": "A",
        "id": 4
      },
      {
        "text": "What is the first step in studying Civic Education?",
        "options": [
          "Option A",
          "Option B",
          "Option C",
          "Option D"
        ],
        "answer": "A",
        "id": 5
      },
      {
        "text": "What are the common challenges in learning Civic Education?",
        "options": [
          "Option A",
          "Option B",
          "Option C",
          "Option D"
        ],
        "answer": "A",
        "id": 6
      },
      {
        "text": "Summarize the recent advancements in Civic Education.",
        "options": [
          "Option A",
          "Option B",
          "Option C",
          "Option D"
        ],
        "answer": "A",
        "id": 7
      },
      {
        "text": "What is the future outlook for Civic Education?",
        "options": [
          "Option A",
          "Option B",
          "Option C",
          "Option D"
        ],
        "answer": "A",
        "id": 8
      },
      {
        "text": "Why is Civic Education important for 2010-2023 exams?",
        "options": [
          "Option A",
          "Option B",
          "Option C",
          "Option D"
        ],
        "answer": "A",
        "id": 9
      },
      {
        "text": "Identify the key pioneers in Civic Education.",
        "options": [
          "Option A",
          "Option B",
          "Option C",
          "Option D"
        ],
        "answer": "A",
        "id": 10
      }
    ],
    "created_at": "2026-03-15T15:49:53.668Z"
  }
},
{
  "model": "ai_engine.aigeneratedquestion",
  "pk": 30,
  "fields": {
    "subject": 9,
    "exam_type": "JAMB",
    "year_range": "2010-2023",
    "content": [
      {
        "text": "What are the ethical considerations in Civic Education?",
        "options": [
          "Option A",
          "Option B",
          "Option C",
          "Option D"
        ],
        "answer": "A",
        "id": 1
      },
      {
        "text": "Explain the concept of Civic Education in JAMB.",
        "options": [
          "Option A",
          "Option B",
          "Option C",
          "Option D"
        ],
        "answer": "A",
        "id": 2
      },
      {
        "text": "What is the future outlook for Civic Education?",
        "options": [
          "Option A",
          "Option B",
          "Option C",
          "Option D"
        ],
        "answer": "A",
        "id": 3
      },
      {
        "text": "Identify the key pioneers in Civic Education.",
        "options": [
          "Option A",
          "Option B",
          "Option C",
          "Option D"
        ],
        "answer": "A",
        "id": 4
      },
      {
        "text": "What is the first step in studying Civic Education?",
        "options": [
          "Option A",
          "Option B",
          "Option C",
          "Option D"
        ],
        "answer": "A",
        "id": 5
      },
      {
        "text": "Summarize the recent advancements in Civic Education.",
        "options": [
          "Option A",
          "Option B",
          "Option C",
          "Option D"
        ],
        "answer": "A",
        "id": 6
      },
      {
        "text": "Compare and contrast the main paradigms in Civic Education.",
        "options": [
          "Option A",
          "Option B",
          "Option C",
          "Option D"
        ],
        "answer": "A",
        "id": 7
      },
      {
        "text": "Discuss the applications of Civic Education.",
        "options": [
          "Option A",
          "Option B",
          "Option C",
          "Option D"
        ],
        "answer": "A",
        "id": 8
      },
      {
        "text": "What are the common challenges in learning Civic Education?",
        "options": [
          "Option A",
          "Option B",
          "Option C",
          "Option D"
        ],
        "answer": "A",
        "id": 9
      },
      {
        "text": "What are the major theories of Civic Education?",
        "options": [
          "Option A",
          "Option B",
          "Option C",
          "Option D"
        ],
        "answer": "A",
        "id": 10
      }
    ],
    "created_at": "2026-03-15T15:49:56.130Z"
  }
},
{
  "model": "ai_engine.aigeneratedquestion",
  "pk": 31,
  "fields": {
    "subject": 9,
    "exam_type": "JAMB",
    "year_range": "2010-2023",
    "content": [
      {
        "text": "Why is Civic Education important for 2010-2023 exams?",
        "options": [
          "Option A",
          "Option B",
          "Option C",
          "Option D"
        ],
        "answer": "A",
        "id": 1
      },
      {
        "text": "How do you solve a problem in Civic Education?",
        "options": [
          "Option A",
          "Option B",
          "Option C",
          "Option D"
        ],
        "answer": "A",
        "id": 2
      },
      {
        "text": "Define Civic Education in your own words.",
        "options": [
          "Option A",
          "Option B",
          "Option C",
          "Option D"
        ],
        "answer": "A",
        "id": 3
      },
      {
        "text": "What is the first step in studying Civic Education?",
        "options": [
          "Option A",
          "Option B",
          "Option C",
          "Option D"
        ],
        "answer": "A",
        "id": 4
      },
      {
        "text": "What are the common challenges in learning Civic Education?",
        "options": [
          "Option A",
          "Option B",
          "Option C",
          "Option D"
        ],
        "answer": "A",
        "id": 5
      },
      {
        "text": "Summarize the recent advancements in Civic Education.",
        "options": [
          "Option A",
          "Option B",
          "Option C",
          "Option D"
        ],
        "answer": "A",
        "id": 6
      },
      {
        "text": "What is the future outlook for Civic Education?",
        "options": [
          "Option A",
          "Option B",
          "Option C",
          "Option D"
        ],
        "answer": "A",
        "id": 7
      },
      {
        "text": "Identify the key pioneers in Civic Education.",
        "options": [
          "Option A",
          "Option B",
          "Option C",
          "Option D"
        ],
        "answer": "A",
        "id": 8
      },
      {
        "text": "What are the ethical considerations in Civic Education?",
        "options": [
          "Option A",
          "Option B",
          "Option C",
          "Option D"
        ],
        "answer": "A",
        "id": 9
      },
      {
        "text": "Compare and contrast the main paradigms in Civic Education.",
        "options": [
          "Option A",
          "Option B",
          "Option C",
          "Option D"
        ],
        "answer": "A",
        "id": 10
      }
    ],
    "created_at": "2026-03-15T15:49:58.402Z"
  }
},
{
  "model": "ai_engine.aigeneratedquestion",
  "pk": 32,
  "fields": {
    "subject": 9,
    "exam_type": "JAMB",
    "year_range": "2010-2023",
    "content": [
      {
        "text": "Define Civic Education in your own words.",
        "options": [
          "Option A",
          "Option B",
          "Option C",
          "Option D"
        ],
        "answer": "A",
        "id": 1
      },
      {
        "text": "Identify the key pioneers in Civic Education.",
        "options": [
          "Option A",
          "Option B",
          "Option C",
          "Option D"
        ],
        "answer": "A",
        "id": 2
      },
      {
        "text": "Why is Civic Education important for 2010-2023 exams?",
        "options": [
          "Option A",
          "Option B",
          "Option C",
          "Option D"
        ],
        "answer": "A",
        "id": 3
      },
      {
        "text": "Summarize the recent advancements in Civic Education.",
        "options": [
          "Option A",
          "Option B",
          "Option C",
          "Option D"
        ],
        "answer": "A",
        "id": 4
      },
      {
        "text": "What are the common challenges in learning Civic Education?",
        "options": [
          "Option A",
          "Option B",
          "Option C",
          "Option D"
        ],
        "answer": "A",
        "id": 5
      },
      {
        "text": "What is the future outlook for Civic Education?",
        "options": [
          "Option A",
          "Option B",
          "Option C",
          "Option D"
        ],
        "answer": "A",
        "id": 6
      },
      {
        "text": "What is the first step in studying Civic Education?",
        "options": [
          "Option A",
          "Option B",
          "Option C",
          "Option D"
        ],
        "answer": "A",
        "id": 7
      },
      {
        "text": "Compare and contrast the main paradigms in Civic Education.",
        "options": [
          "Option A",
          "Option B",
          "Option C",
          "Option D"
        ],
        "answer": "A",
        "id": 8
      },
      {
        "text": "How do you solve a problem in Civic Education?",
        "options": [
          "Option A",
          "Option B",
          "Option C",
          "Option D"
        ],
        "answer": "A",
        "id": 9
      },
      {
        "text": "What are the ethical considerations in Civic Education?",
        "options": [
          "Option A",
          "Option B",
          "Option C",
          "Option D"
        ],
        "answer": "A",
        "id": 10
      }
    ],
    "created_at": "2026-03-15T15:50:00.413Z"
  }
},
{
  "model": "ai_engine.aigeneratedquestion",
  "pk": 33,
  "fields": {
    "subject": 9,
    "exam_type": "JAMB",
    "year_range": "2010-2023",
    "content": [
      {
        "text": "How do you solve a problem in Civic Education?",
        "options": [
          "Option A",
          "Option B",
          "Option C",
          "Option D"
        ],
        "answer": "A",
        "id": 1
      },
      {
        "text": "What is the first step in studying Civic Education?",
        "options": [
          "Option A",
          "Option B",
          "Option C",
          "Option D"
        ],
        "answer": "A",
        "id": 2
      },
      {
        "text": "Summarize the recent advancements in Civic Education.",
        "options": [
          "Option A",
          "Option B",
          "Option C",
          "Option D"
        ],
        "answer": "A",
        "id": 3
      },
      {
        "text": "Identify the key pioneers in Civic Education.",
        "options": [
          "Option A",
          "Option B",
          "Option C",
          "Option D"
        ],
        "answer": "A",
        "id": 4
      },
      {
        "text": "Compare and contrast the main paradigms in Civic Education.",
        "options": [
          "Option A",
          "Option B",
          "Option C",
          "Option D"
        ],
        "answer": "A",
        "id": 5
      },
      {
        "text": "Discuss the applications of Civic Education.",
        "options": [
          "Option A",
          "Option B",
          "Option C",
          "Option D"
        ],
        "answer": "A",
        "id": 6
      },
      {
        "text": "What are the common challenges in learning Civic Education?",
        "options": [
          "Option A",
          "Option B",
          "Option C",
          "Option D"
        ],
        "answer": "A",
        "id": 7
      },
      {
        "text": "What are the major theories of Civic Education?",
        "options": [
          "Option A",
          "Option B",
          "Option C",
          "Option D"
        ],
        "answer": "A",
        "id": 8
      },
      {
        "text": "Explain the concept of Civic Education in JAMB.",
        "options": [
          "Option A",
          "Option B",
          "Option C",
          "Option D"
        ],
        "answer": "A",
        "id": 9
      },
      {
        "text": "What are the ethical considerations in Civic Education?",
        "options": [
          "Option A",
          "Option B",
          "Option C",
          "Option D"
        ],
        "answer": "A",
        "id": 10
      }
    ],
    "created_at": "2026-03-15T15:50:02.323Z"
  }
},
{
  "model": "ai_engine.aigeneratedquestion",
  "pk": 34,
  "fields": {
    "subject": 9,
    "exam_type": "JAMB",
    "year_range": "2010-2023",
    "content": [
      {
        "text": "Explain the concept of Civic Education in JAMB.",
        "options": [
          "Option A",
          "Option B",
          "Option C",
          "Option D"
        ],
        "answer": "A",
        "id": 1
      },
      {
        "text": "What is the future outlook for Civic Education?",
        "options": [
          "Option A",
          "Option B",
          "Option C",
          "Option D"
        ],
        "answer": "A",
        "id": 2
      },
      {
        "text": "Summarize the recent advancements in Civic Education.",
        "options": [
          "Option A",
          "Option B",
          "Option C",
          "Option D"
        ],
        "answer": "A",
        "id": 3
      },
      {
        "text": "Why is Civic Education important for 2010-2023 exams?",
        "options": [
          "Option A",
          "Option B",
          "Option C",
          "Option D"
        ],
        "answer": "A",
        "id": 4
      },
      {
        "text": "What are the ethical considerations in Civic Education?",
        "options": [
          "Option A",
          "Option B",
          "Option C",
          "Option D"
        ],
        "answer": "A",
        "id": 5
      },
      {
        "text": "What are the major theories of Civic Education?",
        "options": [
          "Option A",
          "Option B",
          "Option C",
          "Option D"
        ],
        "answer": "A",
        "id": 6
      },
      {
        "text": "Compare and contrast the main paradigms in Civic Education.",
        "options": [
          "Option A",
          "Option B",
          "Option C",
          "Option D"
        ],
        "answer": "A",
        "id": 7
      },
      {
        "text": "Define Civic Education in your own words.",
        "options": [
          "Option A",
          "Option B",
          "Option C",
          "Option D"
        ],
        "answer": "A",
        "id": 8
      },
      {
        "text": "Discuss the applications of Civic Education.",
        "options": [
          "Option A",
          "Option B",
          "Option C",
          "Option D"
        ],
        "answer": "A",
        "id": 9
      },
      {
        "text": "What is the first step in studying Civic Education?",
        "options": [
          "Option A",
          "Option B",
          "Option C",
          "Option D"
        ],
        "answer": "A",
        "id": 10
      }
    ],
    "created_at": "2026-03-15T15:50:05.663Z"
  }
},
{
  "model": "ai_engine.aigeneratedquestion",
  "pk": 35,
  "fields": {
    "subject": 9,
    "exam_type": "JAMB",
    "year_range": "2010-2023",
    "content": [
      {
        "text": "Explain the concept of Civic Education in JAMB.",
        "options": [
          "Option A",
          "Option B",
          "Option C",
          "Option D"
        ],
        "answer": "A",
        "id": 1
      },
      {
        "text": "How do you solve a problem in Civic Education?",
        "options": [
          "Option A",
          "Option B",
          "Option C",
          "Option D"
        ],
        "answer": "A",
        "id": 2
      },
      {
        "text": "What are the common challenges in learning Civic Education?",
        "options": [
          "Option A",
          "Option B",
          "Option C",
          "Option D"
        ],
        "answer": "A",
        "id": 3
      },
      {
        "text": "Identify the key pioneers in Civic Education.",
        "options": [
          "Option A",
          "Option B",
          "Option C",
          "Option D"
        ],
        "answer": "A",
        "id": 4
      },
      {
        "text": "What is the future outlook for Civic Education?",
        "options": [
          "Option A",
          "Option B",
          "Option C",
          "Option D"
        ],
        "answer": "A",
        "id": 5
      },
      {
        "text": "What is the first step in studying Civic Education?",
        "options": [
          "Option A",
          "Option B",
          "Option C",
          "Option D"
        ],
        "answer": "A",
        "id": 6
      },
      {
        "text": "Define Civic Education in your own words.",
        "options": [
          "Option A",
          "Option B",
          "Option C",
          "Option D"
        ],
        "answer": "A",
        "id": 7
      },
      {
        "text": "Why is Civic Education important for 2010-2023 exams?",
        "options": [
          "Option A",
          "Option B",
          "Option C",
          "Option D"
        ],
        "answer": "A",
        "id": 8
      },
      {
        "text": "Discuss the applications of Civic Education.",
        "options": [
          "Option A",
          "Option B",
          "Option C",
          "Option D"
        ],
        "answer": "A",
        "id": 9
      },
      {
        "text": "What are the ethical considerations in Civic Education?",
        "options": [
          "Option A",
          "Option B",
          "Option C",
          "Option D"
        ],
        "answer": "A",
        "id": 10
      }
    ],
    "created_at": "2026-03-15T15:50:09.478Z"
  }
},
{
  "model": "ai_engine.aigeneratedquestion",
  "pk": 36,
  "fields": {
    "subject": 9,
    "exam_type": "JAMB",
    "year_range": "2010-2023",
    "content": [
      {
        "text": "What is the future outlook for Civic Education?",
        "options": [
          "Option A",
          "Option B",
          "Option C",
          "Option D"
        ],
        "answer": "A",
        "id": 1
      },
      {
        "text": "Why is Civic Education important for 2010-2023 exams?",
        "options": [
          "Option A",
          "Option B",
          "Option C",
          "Option D"
        ],
        "answer": "A",
        "id": 2
      },
      {
        "text": "How do you solve a problem in Civic Education?",
        "options": [
          "Option A",
          "Option B",
          "Option C",
          "Option D"
        ],
        "answer": "A",
        "id": 3
      },
      {
        "text": "Explain the concept of Civic Education in JAMB.",
        "options": [
          "Option A",
          "Option B",
          "Option C",
          "Option D"
        ],
        "answer": "A",
        "id": 4
      },
      {
        "text": "Summarize the recent advancements in Civic Education.",
        "options": [
          "Option A",
          "Option B",
          "Option C",
          "Option D"
        ],
        "answer": "A",
        "id": 5
      },
      {
        "text": "What is the first step in studying Civic Education?",
        "options": [
          "Option A",
          "Option B",
          "Option C",
          "Option D"
        ],
        "answer": "A",
        "id": 6
      },
      {
        "text": "What are the common challenges in learning Civic Education?",
        "options": [
          "Option A",
          "Option B",
          "Option C",
          "Option D"
        ],
        "answer": "A",
        "id": 7
      },
      {
        "text": "Compare and contrast the main paradigms in Civic Education.",
        "options": [
          "Option A",
          "Option B",
          "Option C",
          "Option D"
        ],
        "answer": "A",
        "id": 8
      },
      {
        "text": "What are the major theories of Civic Education?",
        "options": [
          "Option A",
          "Option B",
          "Option C",
          "Option D"
        ],
        "answer": "A",
        "id": 9
      },
      {
        "text": "Discuss the applications of Civic Education.",
        "options": [
          "Option A",
          "Option B",
          "Option C",
          "Option D"
        ],
        "answer": "A",
        "id": 10
      }
    ],
    "created_at": "2026-03-15T15:50:11.251Z"
  }
},
{
  "model": "ai_engine.aigeneratedquestion",
  "pk": 37,
  "fields": {
    "subject": 9,
    "exam_type": "JAMB",
    "year_range": "2010-2023",
    "content": [
      {
        "text": "What are the major theories of Civic Education?",
        "options": [
          "Option A",
          "Option B",
          "Option C",
          "Option D"
        ],
        "answer": "A",
        "id": 1
      },
      {
        "text": "Summarize the recent advancements in Civic Education.",
        "options": [
          "Option A",
          "Option B",
          "Option C",
          "Option D"
        ],
        "answer": "A",
        "id": 2
      },
      {
        "text": "Compare and contrast the main paradigms in Civic Education.",
        "options": [
          "Option A",
          "Option B",
          "Option C",
          "Option D"
        ],
        "answer": "A",
        "id": 3
      },
      {
        "text": "Explain the concept of Civic Education in JAMB.",
        "options": [
          "Option A",
          "Option B",
          "Option C",
          "Option D"
        ],
        "answer": "A",
        "id": 4
      },
      {
        "text": "Discuss the applications of Civic Education.",
        "options": [
          "Option A",
          "Option B",
          "Option C",
          "Option D"
        ],
        "answer": "A",
        "id": 5
      },
      {
        "text": "Identify the key pioneers in Civic Education.",
        "options": [
          "Option A",
          "Option B",
          "Option C",
          "Option D"
        ],
        "answer": "A",
        "id": 6
      },
      {
        "text": "What is the first step in studying Civic Education?",
        "options": [
          "Option A",
          "Option B",
          "Option C",
          "Option D"
        ],
        "answer": "A",
        "id": 7
      },
      {
        "text": "What are the ethical considerations in Civic Education?",
        "options": [
          "Option A",
          "Option B",
          "Option C",
          "Option D"
        ],
        "answer": "A",
        "id": 8
      },
      {
        "text": "Define Civic Education in your own words.",
        "options": [
          "Option A",
          "Option B",
          "Option C",
          "Option D"
        ],
        "answer": "A",
        "id": 9
      },
      {
        "text": "How do you solve a problem in Civic Education?",
        "options": [
          "Option A",
          "Option B",
          "Option C",
          "Option D"
        ],
        "answer": "A",
        "id": 10
      }
    ],
    "created_at": "2026-03-15T15:50:15.459Z"
  }
},
{
  "model": "ai_engine.aigeneratedquestion",
  "pk": 38,
  "fields": {
    "subject": 9,
    "exam_type": "JAMB",
    "year_range": "2010-2023",
    "content": [
      {
        "text": "Explain the concept of Civic Education in JAMB.",
        "options": [
          "Option A",
          "Option B",
          "Option C",
          "Option D"
        ],
        "answer": "A",
        "id": 1
      },
      {
        "text": "What is the future outlook for Civic Education?",
        "options": [
          "Option A",
          "Option B",
          "Option C",
          "Option D"
        ],
        "answer": "A",
        "id": 2
      },
      {
        "text": "What is the first step in studying Civic Education?",
        "options": [
          "Option A",
          "Option B",
          "Option C",
          "Option D"
        ],
        "answer": "A",
        "id": 3
      },
      {
        "text": "How do you solve a problem in Civic Education?",
        "options": [
          "Option A",
          "Option B",
          "Option C",
          "Option D"
        ],
        "answer": "A",
        "id": 4
      },
      {
        "text": "Discuss the applications of Civic Education.",
        "options": [
          "Option A",
          "Option B",
          "Option C",
          "Option D"
        ],
        "answer": "A",
        "id": 5
      },
      {
        "text": "Why is Civic Education important for 2010-2023 exams?",
        "options": [
          "Option A",
          "Option B",
          "Option C",
          "Option D"
        ],
        "answer": "A",
        "id": 6
      },
      {
        "text": "What are the common challenges in learning Civic Education?",
        "options": [
          "Option A",
          "Option B",
          "Option C",
          "Option D"
        ],
        "answer": "A",
        "id": 7
      },
      {
        "text": "Compare and contrast the main paradigms in Civic Education.",
        "options": [
          "Option A",
          "Option B",
          "Option C",
          "Option D"
        ],
        "answer": "A",
        "id": 8
      },
      {
        "text": "Identify the key pioneers in Civic Education.",
        "options": [
          "Option A",
          "Option B",
          "Option C",
          "Option D"
        ],
        "answer": "A",
        "id": 9
      },
      {
        "text": "Define Civic Education in your own words.",
        "options": [
          "Option A",
          "Option B",
          "Option C",
          "Option D"
        ],
        "answer": "A",
        "id": 10
      }
    ],
    "created_at": "2026-03-15T15:50:21.249Z"
  }
},
{
  "model": "ai_engine.aigeneratedquestion",
  "pk": 39,
  "fields": {
    "subject": 9,
    "exam_type": "JAMB",
    "year_range": "2010-2023",
    "content": [
      {
        "text": "What are the major theories of Civic Education?",
        "options": [
          "Option A",
          "Option B",
          "Option C",
          "Option D"
        ],
        "answer": "A",
        "id": 1
      },
      {
        "text": "Compare and contrast the main paradigms in Civic Education.",
        "options": [
          "Option A",
          "Option B",
          "Option C",
          "Option D"
        ],
        "answer": "A",
        "id": 2
      },
      {
        "text": "Explain the concept of Civic Education in JAMB.",
        "options": [
          "Option A",
          "Option B",
          "Option C",
          "Option D"
        ],
        "answer": "A",
        "id": 3
      },
      {
        "text": "Why is Civic Education important for 2010-2023 exams?",
        "options": [
          "Option A",
          "Option B",
          "Option C",
          "Option D"
        ],
        "answer": "A",
        "id": 4
      },
      {
        "text": "Summarize the recent advancements in Civic Education.",
        "options": [
          "Option A",
          "Option B",
          "Option C",
          "Option D"
        ],
        "answer": "A",
        "id": 5
      },
      {
        "text": "What are the common challenges in learning Civic Education?",
        "options": [
          "Option A",
          "Option B",
          "Option C",
          "Option D"
        ],
        "answer": "A",
        "id": 6
      },
      {
        "text": "What is the future outlook for Civic Education?",
        "options": [
          "Option A",
          "Option B",
          "Option C",
          "Option D"
        ],
        "answer": "A",
        "id": 7
      },
      {
        "text": "Define Civic Education in your own words.",
        "options": [
          "Option A",
          "Option B",
          "Option C",
          "Option D"
        ],
        "answer": "A",
        "id": 8
      },
      {
        "text": "What is the first step in studying Civic Education?",
        "options": [
          "Option A",
          "Option B",
          "Option C",
          "Option D"
        ],
        "answer": "A",
        "id": 9
      },
      {
        "text": "Discuss the applications of Civic Education.",
        "options": [
          "Option A",
          "Option B",
          "Option C",
          "Option D"
        ],
        "answer": "A",
        "id": 10
      }
    ],
    "created_at": "2026-03-15T15:50:24.189Z"
  }
},
{
  "model": "ai_engine.aigeneratedquestion",
  "pk": 40,
  "fields": {
    "subject": 10,
    "exam_type": "JAMB",
    "year_range": "2010-2023",
    "content": [
      {
        "text": "What are the common challenges in learning Islamic Studies?",
        "options": [
          "Option A",
          "Option B",
          "Option C",
          "Option D"
        ],
        "answer": "A",
        "id": 1
      },
      {
        "text": "What is the first step in studying Islamic Studies?",
        "options": [
          "Option A",
          "Option B",
          "Option C",
          "Option D"
        ],
        "answer": "A",
        "id": 2
      },
      {
        "text": "Why is Islamic Studies important for 2010-2023 exams?",
        "options": [
          "Option A",
          "Option B",
          "Option C",
          "Option D"
        ],
        "answer": "A",
        "id": 3
      },
      {
        "text": "Identify the key pioneers in Islamic Studies.",
        "options": [
          "Option A",
          "Option B",
          "Option C",
          "Option D"
        ],
        "answer": "A",
        "id": 4
      },
      {
        "text": "How do you solve a problem in Islamic Studies?",
        "options": [
          "Option A",
          "Option B",
          "Option C",
          "Option D"
        ],
        "answer": "A",
        "id": 5
      },
      {
        "text": "Summarize the recent advancements in Islamic Studies.",
        "options": [
          "Option A",
          "Option B",
          "Option C",
          "Option D"
        ],
        "answer": "A",
        "id": 6
      },
      {
        "text": "Compare and contrast the main paradigms in Islamic Studies.",
        "options": [
          "Option A",
          "Option B",
          "Option C",
          "Option D"
        ],
        "answer": "A",
        "id": 7
      },
      {
        "text": "What are the major theories of Islamic Studies?",
        "options": [
          "Option A",
          "Option B",
          "Option C",
          "Option D"
        ],
        "answer": "A",
        "id": 8
      },
      {
        "text": "Discuss the applications of Islamic Studies.",
        "options": [
          "Option A",
          "Option B",
          "Option C",
          "Option D"
        ],
        "answer": "A",
        "id": 9
      },
      {
        "text": "What is the future outlook for Islamic Studies?",
        "options": [
          "Option A",
          "Option B",
          "Option C",
          "Option D"
        ],
        "answer": "A",
        "id": 10
      }
    ],
    "created_at": "2026-03-15T15:51:53.645Z"
  }
},
{
  "model": "ai_engine.aigeneratedquestion",
  "pk": 41,
  "fields": {
    "subject": 7,
    "exam_type": "JAMB",
    "year_range": "2010-2023",
    "content": [
      {
        "text": "Compare and contrast the main paradigms in Government.",
        "options": [
          "Option A",
          "Option B",
          "Option C",
          "Option D"
        ],
        "answer": "A",
        "id": 1
      },
      {
        "text": "Explain the concept of Government in JAMB.",
        "options": [
          "Option A",
          "Option B",
          "Option C",
          "Option D"
        ],
        "answer": "A",
        "id": 2
      },
      {
        "text": "What are the common challenges in learning Government?",
        "options": [
          "Option A",
          "Option B",
          "Option C",
          "Option D"
        ],
        "answer": "A",
        "id": 3
      },
      {
        "text": "Discuss the applications of Government.",
        "options": [
          "Option A",
          "Option B",
          "Option C",
          "Option D"
        ],
        "answer": "A",
        "id": 4
      },
      {
        "text": "What are the ethical considerations in Government?",
        "options": [
          "Option A",
          "Option B",
          "Option C",
          "Option D"
        ],
        "answer": "A",
        "id": 5
      },
      {
        "text": "What is the future outlook for Government?",
        "options": [
          "Option A",
          "Option B",
          "Option C",
          "Option D"
        ],
        "answer": "A",
        "id": 6
      },
      {
        "text": "Identify the key pioneers in Government.",
        "options": [
          "Option A",
          "Option B",
          "Option C",
          "Option D"
        ],
        "answer": "A",
        "id": 7
      },
      {
        "text": "How do you solve a problem in Government?",
        "options": [
          "Option A",
          "Option B",
          "Option C",
          "Option D"
        ],
        "answer": "A",
        "id": 8
      },
      {
        "text": "Define Government in your own words.",
        "options": [
          "Option A",
          "Option B",
          "Option C",
          "Option D"
        ],
        "answer": "A",
        "id": 9
      },
      {
        "text": "What are the major theories of Government?",
        "options": [
          "Option A",
          "Option B",
          "Option C",
          "Option D"
        ],
        "answer": "A",
        "id": 10
      }
    ],
    "created_at": "2026-03-16T14:04:49.915Z"
  }
},
{
  "model": "ai_engine.aigeneratedquestion",
  "pk": 42,
  "fields": {
    "subject": 7,
    "exam_type": "WAEC",
    "year_range": "2010-2023",
    "content": [
      {
        "text": "What are the ethical considerations in Government?",
        "options": [
          "Option A",
          "Option B",
          "Option C",
          "Option D"
        ],
        "answer": "A",
        "id": 1
      },
      {
        "text": "Explain the concept of Government in WAEC.",
        "options": [
          "Option A",
          "Option B",
          "Option C",
          "Option D"
        ],
        "answer": "A",
        "id": 2
      },
      {
        "text": "Define Government in your own words.",
        "options": [
          "Option A",
          "Option B",
          "Option C",
          "Option D"
        ],
        "answer": "A",
        "id": 3
      },
      {
        "text": "Why is Government important for 2010-2023 exams?",
        "options": [
          "Option A",
          "Option B",
          "Option C",
          "Option D"
        ],
        "answer": "A",
        "id": 4
      },
      {
        "text": "What are the common challenges in learning Government?",
        "options": [
          "Option A",
          "Option B",
          "Option C",
          "Option D"
        ],
        "answer": "A",
        "id": 5
      },
      {
        "text": "Summarize the recent advancements in Government.",
        "options": [
          "Option A",
          "Option B",
          "Option C",
          "Option D"
        ],
        "answer": "A",
        "id": 6
      },
      {
        "text": "What is the future outlook for Government?",
        "options": [
          "Option A",
          "Option B",
          "Option C",
          "Option D"
        ],
        "answer": "A",
        "id": 7
      },
      {
        "text": "What are the major theories of Government?",
        "options": [
          "Option A",
          "Option B",
          "Option C",
          "Option D"
        ],
        "answer": "A",
        "id": 8
      },
      {
        "text": "Discuss the applications of Government.",
        "options": [
          "Option A",
          "Option B",
          "Option C",
          "Option D"
        ],
        "answer": "A",
        "id": 9
      },
      {
        "text": "Compare and contrast the main paradigms in Government.",
        "options": [
          "Option A",
          "Option B",
          "Option C",
          "Option D"
        ],
        "answer": "A",
        "id": 10
      }
    ],
    "created_at": "2026-03-16T14:05:35.292Z"
  }
},
{
  "model": "ai_engine.aigeneratedquestion",
  "pk": 43,
  "fields": {
    "subject": 9,
    "exam_type": "JAMB",
    "year_range": "2010-2023",
    "content": [
      {
        "text": "What is the future outlook for Civic Education?",
        "options": [
          "Option A",
          "Option B",
          "Option C",
          "Option D"
        ],
        "answer": "A",
        "id": 1
      },
      {
        "text": "What are the common challenges in learning Civic Education?",
        "options": [
          "Option A",
          "Option B",
          "Option C",
          "Option D"
        ],
        "answer": "A",
        "id": 2
      },
      {
        "text": "What are the major theories of Civic Education?",
        "options": [
          "Option A",
          "Option B",
          "Option C",
          "Option D"
        ],
        "answer": "A",
        "id": 3
      },
      {
        "text": "How do you solve a problem in Civic Education?",
        "options": [
          "Option A",
          "Option B",
          "Option C",
          "Option D"
        ],
        "answer": "A",
        "id": 4
      },
      {
        "text": "Summarize the recent advancements in Civic Education.",
        "options": [
          "Option A",
          "Option B",
          "Option C",
          "Option D"
        ],
        "answer": "A",
        "id": 5
      },
      {
        "text": "What are the ethical considerations in Civic Education?",
        "options": [
          "Option A",
          "Option B",
          "Option C",
          "Option D"
        ],
        "answer": "A",
        "id": 6
      },
      {
        "text": "Identify the key pioneers in Civic Education.",
        "options": [
          "Option A",
          "Option B",
          "Option C",
          "Option D"
        ],
        "answer": "A",
        "id": 7
      },
      {
        "text": "Discuss the applications of Civic Education.",
        "options": [
          "Option A",
          "Option B",
          "Option C",
          "Option D"
        ],
        "answer": "A",
        "id": 8
      },
      {
        "text": "Explain the concept of Civic Education in JAMB.",
        "options": [
          "Option A",
          "Option B",
          "Option C",
          "Option D"
        ],
        "answer": "A",
        "id": 9
      },
      {
        "text": "Compare and contrast the main paradigms in Civic Education.",
        "options": [
          "Option A",
          "Option B",
          "Option C",
          "Option D"
        ],
        "answer": "A",
        "id": 10
      }
    ],
    "created_at": "2026-03-22T08:50:52.229Z"
  }
},
{
  "model": "notifications.notification",
  "pk": 1,
  "fields": {
    "user": 1,
    "title": "New Enrollment Request",
    "message": "Student Ukasha Yau musa requested enrollment in Literature in English with sagir musa.",
    "is_read": false,
    "created_at": "2026-03-26T23:49:22.957Z",
    "link": "/admin/enrollments"
  }
},
{
  "model": "notifications.notification",
  "pk": 2,
  "fields": {
    "user": 1,
    "title": "New Exam Created by Tutor",
    "message": "Tutor sagir musa created a new exam: first term exam. Please review and modify if needed.",
    "is_read": false,
    "created_at": "2026-03-30T13:13:56.798Z",
    "link": "/admin/exams/"
  }
},
{
  "model": "notifications.notification",
  "pk": 3,
  "fields": {
    "user": 1,
    "title": "New Question Added",
    "message": "Tutor sagir musa added a question to 'first term exam': what is your name...",
    "is_read": false,
    "created_at": "2026-03-30T13:16:17.282Z",
    "link": "/admin/exams/"
  }
}
]
